{
  "_id": "3749aa07-c467-427b-9da3-67e0256b0d43",
  "caption": "lightBlue",
  "themeType": 1,
  "backgroundType": 1,
  "copySource": "17d325ce-7269-496c-9cbb-8afb25a007de",
  "_ind_": 6,
  "style": "",
  "colors": {
    "0": "#ffffff",
    "1": "#2FD3F6",
    "2": "#e5ecf3",
    "3": "#000000",
    "11": "#e5ecf3",
    "12": "#C8FFFF",
    "21": "#ffffff",
    "22": "#FFB53F",
    "23": "#000000",
    "31": "#F2F3F7",
    "32": "#2e3041",
    "41": "#CACBCF",
    "51": "#ff5455",
    "52": "#FFB53F",
    "53": "#29BB91",
    "61": "#E6EAEE",
    "62": "#C8D2DC",
    "01": "#000000"
  },
  "property": {
    "Chart": {
      "Chart_Title_FontColor": "#000000",
      "Chart_Legend_FontColor": "#000000",
      "Chart_ToolTip_Background": "#ffffff",
      "Chart_ToolTip_BorderColor": "#ffffff",
      "Chart_ToolTip_FontColor": "#000000",
      "Chart_Label_FontColor": "#000000",
      "Chart_Label_LineColor": "#000000",
      "Chart_AxisX_TitleFontColor": "#000000",
      "Chart_AxisX_FontColor": "#000000",
      "Chart_AxisX_LineColor": "#000000",
      "Chart_AxisX_MajorGrid_LineColor": "#ffffff",
      "Chart_AxisX_MajorTick_LineColor": "#000000",
      "Chart_AxisY_TitleFontColor": "#000000",
      "Chart_AxisY_FontColor": "#000000",
      "Chart_AxisY_LineColor": "#000000",
      "Chart_AxisY_MajorGrid_LineColor": "#ffffff",
      "Chart_AxisY_MajorTick_LineColor": "#000000",
      "Chart_ColorSet_Color1": "#2fd3f6",
      "Chart_ColorSet_Color2": "#ffb53f",
      "Chart_ColorSet_Color3": "#ff322e",
      "Chart_ColorSet_Color4": "#3b8ad8",
      "Chart_ColorSet_Color5": "#00d382",
      "Chart_ColorSet_Color6": "#666666",
      "Chart_ColorSet_Color7": "#95a5a5",
      "Chart_ColorSet_Color8": "#7380e6",
      "Chart_ColorSet_Color9": "#ff0099",
      "Chart_ColorSet_Color10": "#ffe51f",
      "Chart_ColorSet_Color11": "#e66565",
      "Chart_ColorSet_Color12": "#c0e619",
      "Chart_ColorSet_Color13": "#5b54c2",
      "Chart_ColorSet_Color14": "#4a1cd6",
      "Chart_ColorSet_Color15": "#cf88d4",
      "Chart_ColorSet_Color16": "#754609",
      "Chart_Legend_Background": "#ffffff",
      "Chart_Background": "#ffffff"
    },
    "Gauge-RadiusGauge21": {
      "RadiusGauge21_Background": "#FF000000",
      "RadiusGauge21_Path": {
        "t": "l",
        "x1": "0.5",
        "y1": "0.0072996998205781",
        "x2": "0.5",
        "y2": "0.985399007797241",
        "stops": [
          {
            "color": "#FF000000",
            "offset": "0"
          },
          {
            "color": "#FF004FCC",
            "offset": "0.230768993496895"
          },
          {
            "color": "#FF000000",
            "offset": "1"
          }
        ]
      },
      "RadiusGauge21_Rectangle00": "#33000000",
      "RadiusGauge21_Rectangle01": "#34000000",
      "RadiusGauge21_TitleSide": "#00000000",
      "RadiusGauge21_Path19": "#B3000000",
      "RadiusGauge21_Path21": "#FF000000",
      "RadiusGauge21_add01": "#00FFFFFF",
      "RadiusGauge21_yellow": {
        "t": "l",
        "x1": "0.998991012573242",
        "y1": "0.5",
        "x2": "-0.0611758008599281",
        "y2": "0.5",
        "stops": [
          {
            "color": "#FFD86C00",
            "offset": "0"
          },
          {
            "color": "#FFFFFF00",
            "offset": "1"
          }
        ]
      },
      "RadiusGauge21_green": {
        "t": "l",
        "x1": "0.998991012573242",
        "y1": "0.5",
        "x2": "-0.0611758008599281",
        "y2": "0.5",
        "stops": [
          {
            "color": "#FF007008",
            "offset": "0"
          },
          {
            "color": "#FF35FF00",
            "offset": "1"
          }
        ]
      },
      "RadiusGauge21_red": {
        "t": "l",
        "x1": "0.998991012573242",
        "y1": "0.5",
        "x2": "-0.0611758008599281",
        "y2": "0.5",
        "stops": [
          {
            "color": "#FF700000",
            "offset": "0"
          },
          {
            "color": "#FFFF4242",
            "offset": "1"
          }
        ]
      },
      "RadiusGauge21_Caption": "#FFFFFFFF",
      "RadiusGauge21_Number": "#FFFFFFFF",
      "RadiusGauge21_Value": "#FFFFFFFF",
      "RadiusGauge21_Path_1": {
        "t": "l",
        "x1": "0",
        "y1": "0.5",
        "x2": "1",
        "y2": "0.5",
        "stops": [
          {
            "color": "#E5323232",
            "offset": "0"
          },
          {
            "color": "#E5000000",
            "offset": "1"
          }
        ]
      },
      "RadiusGauge21_Path_21": "#99000000",
      "RadiusGauge21_Rectangle_1": "#FF000000",
      "RadiusGauge21_1_Color-Circle": "#ffffff",
      "RadiusGauge21_1_path": "#EBEBEB",
      "RadiusGauge21_1_Caption": "#2e3041",
      "RadiusGauge21_1_Value": "#2e3041",
      "RadiusGauge21_1_Number": "#2e3041",
      "RadiusGauge21_1_border": "#f2f3f7",
      "RadiusGauge21_1_half": "#ffffff"
    },
    "Gauge-RadiusGauge22": {
      "RadiusGauge22_Background": "#FF000000",
      "RadiusGauge22_Path": {
        "t": "l",
        "x1": "0.5",
        "y1": "0.0072996998205781",
        "x2": "0.5",
        "y2": "0.985399007797241",
        "stops": [
          {
            "color": "#FF000000",
            "offset": "0"
          },
          {
            "color": "#FF004FCC",
            "offset": "0.230768993496895"
          },
          {
            "color": "#FF000000",
            "offset": "1"
          }
        ]
      },
      "RadiusGauge22_Rectangle21": "#BF000000",
      "RadiusGauge22_Rectangle22": "#FF000000",
      "RadiusGauge22_TitleSide": "#00000000",
      "RadiusGauge22_Rectangle00": "#33000000",
      "RadiusGauge22_Rectangle01": "#34000000",
      "RadiusGauge22_Rectangle_1": "#FF000000",
      "RadiusGauge22_Path_21": "#99000000",
      "RadiusGauge22_Black": "#99000000",
      "RadiusGauge22_yellow": {
        "t": "l",
        "x1": "0.998991012573242",
        "y1": "0.5",
        "x2": "-0.0611758008599281",
        "y2": "0.5",
        "stops": [
          {
            "color": "#FFD86C00",
            "offset": "0"
          },
          {
            "color": "#FFFFFF00",
            "offset": "1"
          }
        ]
      },
      "RadiusGauge22_green": {
        "t": "l",
        "x1": "0.998991012573242",
        "y1": "0.5",
        "x2": "-0.0611758008599281",
        "y2": "0.5",
        "stops": [
          {
            "color": "#FF007008",
            "offset": "0"
          },
          {
            "color": "#FF35FF00",
            "offset": "1"
          }
        ]
      },
      "RadiusGauge22_red": {
        "t": "l",
        "x1": "0.998991012573242",
        "y1": "0.5",
        "x2": "-0.0611758008599281",
        "y2": "0.5",
        "stops": [
          {
            "color": "#FF700000",
            "offset": "0"
          },
          {
            "color": "#FFFF4242",
            "offset": "1"
          }
        ]
      },
      "RadiusGauge22_Caption": "#FFFFFFFF",
      "RadiusGauge22_Number": "#FFFFFFFF",
      "RadiusGauge22_Value": "#FFFFFFFF",
      "RadiusGauge22_1_Background": "#ffffff",
      "RadiusGauge22_1_Border1": "#f2f3f7",
      "RadiusGauge22_1_Value": "#2e3041",
      "RadiusGauge22_1_Number": "#2e3041",
      "RadiusGauge22_1_Caption": "#2e3041"
    },
    "Gauge-RadiusGauge23": {
      "RadiusGauge23_Path32": {
        "t": "l",
        "x1": "0.5",
        "y1": "0.989794015884399",
        "x2": "0.5",
        "y2": "-1.21831999422284E-06",
        "stops": [
          {
            "color": "#FF323232",
            "offset": "0"
          },
          {
            "color": "#FF000000",
            "offset": "1"
          }
        ]
      },
      "RadiusGauge23_Path31": "#FF000000",
      "RadiusGauge23_Base3": "#FF000000",
      "RadiusGauge23_yellow": {
        "t": "l",
        "x1": "0.998991012573242",
        "y1": "0.5",
        "x2": "-0.0611758008599281",
        "y2": "0.5",
        "stops": [
          {
            "color": "#FFD86C00",
            "offset": "0"
          },
          {
            "color": "#FFFFFF00",
            "offset": "1"
          }
        ]
      },
      "RadiusGauge23_green": {
        "t": "l",
        "x1": "0.998991012573242",
        "y1": "0.5",
        "x2": "-0.0611758008599281",
        "y2": "0.5",
        "stops": [
          {
            "color": "#FF007008",
            "offset": "0"
          },
          {
            "color": "#FF35FF00",
            "offset": "1"
          }
        ]
      },
      "RadiusGauge23_red": {
        "t": "l",
        "x1": "0.998991012573242",
        "y1": "0.5",
        "x2": "-0.0611758008599281",
        "y2": "0.5",
        "stops": [
          {
            "color": "#FF700000",
            "offset": "0"
          },
          {
            "color": "#FFFF4242",
            "offset": "1"
          }
        ]
      },
      "RadiusGauge23_Caption": "#FFFFFFFF",
      "RadiusGauge23_Number": "#FFFFFFFF",
      "RadiusGauge23_Value": "#FFFFFFFF",
      "RadiusGauge23_Brush_Blue": {
        "t": "l",
        "x1": "0.5",
        "y1": "0.00284949992783368",
        "x2": "0.5",
        "y2": "1.00001001358032",
        "stops": [
          {
            "color": "#FF004FCC",
            "offset": "0"
          },
          {
            "color": "#FF000000",
            "offset": "1"
          }
        ]
      },
      "RadiusGauge23_1_Circle1": "#ebebeb",
      "RadiusGauge23_1_Border1": "#ffffff",
      "RadiusGauge23_1_Circle2": "#ffffff",
      "RadiusGauge23_1_Caption": "#2e3041",
      "RadiusGauge23_1_Value": "#2e3041",
      "RadiusGauge23_1_Number": "#2e3041",
      "RadiusGauge23_1_square": "#ffffff",
      "RadiusGauge23_1_border1": "#f2f3f7"
    },
    "Gauge-RadiusGauge24": {
      "RadiusGauge24_Ellipse41": {
        "t": "l",
        "x1": "0",
        "y1": "0.5",
        "x2": "1",
        "y2": "0.5",
        "stops": [
          {
            "color": "#FFFFFFFF",
            "offset": "0"
          },
          {
            "color": "#FF808080",
            "offset": "1"
          }
        ]
      },
      "RadiusGauge24_Path41": "#FF000000",
      "RadiusGauge24_Path42": {
        "t": "l",
        "x1": "0.499998986721039",
        "y1": "-0.00933681987226009",
        "x2": "0.499998986721039",
        "y2": "0.99066299200058",
        "stops": [
          {
            "color": "#FF004FCC",
            "offset": "0"
          },
          {
            "color": "#FF000000",
            "offset": "1"
          }
        ]
      },
      "RadiusGauge24_Path43": "#FF000000",
      "RadiusGauge24_Path45": {
        "t": "l",
        "x1": "0.5",
        "y1": "-0.49099999666214",
        "x2": "0.5",
        "y2": "1.51499998569489",
        "stops": [
          {
            "color": "#FF000000",
            "offset": "0"
          },
          {
            "color": "#FF333333",
            "offset": "0.210328996181488"
          },
          {
            "color": "#FF666666",
            "offset": "0.24175800383091"
          },
          {
            "color": "#FF333333",
            "offset": "0.384615004062653"
          },
          {
            "color": "#FF000000",
            "offset": "1"
          }
        ]
      },
      "RadiusGauge24_Path46": {
        "t": "l",
        "x1": "0.499985992908478",
        "y1": "0",
        "x2": "0.499989002943039",
        "y2": "1",
        "stops": [
          {
            "color": "#FF808080",
            "offset": "0"
          },
          {
            "color": "#FF333333",
            "offset": "1"
          }
        ]
      },
      "RadiusGauge24_add41": "#00000000",
      "RadiusGauge24_add42": "#00000000",
      "RadiusGauge24_yellow": {
        "t": "l",
        "x1": "0.998991012573242",
        "y1": "0.5",
        "x2": "-0.0611758008599281",
        "y2": "0.5",
        "stops": [
          {
            "color": "#FFD86C00",
            "offset": "0"
          },
          {
            "color": "#FFFFFF00",
            "offset": "1"
          }
        ]
      },
      "RadiusGauge24_green": {
        "t": "l",
        "x1": "0.998991012573242",
        "y1": "0.5",
        "x2": "-0.0611758008599281",
        "y2": "0.5",
        "stops": [
          {
            "color": "#FF007008",
            "offset": "0"
          },
          {
            "color": "#FF35FF00",
            "offset": "1"
          }
        ]
      },
      "RadiusGauge24_red": {
        "t": "l",
        "x1": "0.998991012573242",
        "y1": "0.5",
        "x2": "-0.0611758008599281",
        "y2": "0.5",
        "stops": [
          {
            "color": "#FF700000",
            "offset": "0"
          },
          {
            "color": "#FFFF4242",
            "offset": "1"
          }
        ]
      },
      "RadiusGauge24_Caption": "#FFFFFFFF",
      "RadiusGauge24_Number": "#FFFFFFFF",
      "RadiusGauge24_Value": "#FFFFFFFF",
      "RadiusGauge24_1_Border1": "#f2f3f7",
      "RadiusGauge24_1_Number": "#2e3041",
      "RadiusGauge24_1_half": "#ffffff",
      "RadiusGauge24_1_Caption": "#2e3041",
      "RadiusGauge24_1_Value": "#2e3041",
      "RadiusGauge24_1_Border2": "#2e3041"
    },
    "Gauge-RadiusGauge25": {
      "RadiusGauge25_Path52": {
        "t": "l",
        "x1": "0.5",
        "y1": "-0.00367558002471924",
        "x2": "0.5",
        "y2": "1",
        "stops": [
          {
            "color": "#FF323232",
            "offset": "0"
          },
          {
            "color": "#FF000000",
            "offset": "1"
          }
        ]
      },
      "RadiusGauge25_Path51": {
        "t": "l",
        "x1": "0.5",
        "y1": "0.025645200163126",
        "x2": "0.5",
        "y2": "0.974358022212982",
        "stops": [
          {
            "color": "#FF02245A",
            "offset": "0"
          },
          {
            "color": "#FF000000",
            "offset": "1"
          }
        ]
      },
      "RadiusGauge25_Path41": "#FF000000",
      "RadiusGauge25_yellow": {
        "t": "l",
        "x1": "0.998991012573242",
        "y1": "0.5",
        "x2": "-0.0611758008599281",
        "y2": "0.5",
        "stops": [
          {
            "color": "#FFD86C00",
            "offset": "0"
          },
          {
            "color": "#FFFFFF00",
            "offset": "1"
          }
        ]
      },
      "RadiusGauge25_green": {
        "t": "l",
        "x1": "0.998991012573242",
        "y1": "0.5",
        "x2": "-0.0611758008599281",
        "y2": "0.5",
        "stops": [
          {
            "color": "#FF007008",
            "offset": "0"
          },
          {
            "color": "#FF35FF00",
            "offset": "1"
          }
        ]
      },
      "RadiusGauge25_red": {
        "t": "l",
        "x1": "0.998991012573242",
        "y1": "0.5",
        "x2": "-0.0611758008599281",
        "y2": "0.5",
        "stops": [
          {
            "color": "#FF700000",
            "offset": "0"
          },
          {
            "color": "#FFFF4242",
            "offset": "1"
          }
        ]
      },
      "RadiusGauge25_Caption": "#FFFFFFFF",
      "RadiusGauge25_Number": "#FFFFFFFF",
      "RadiusGauge25_Value": "#FFFFFFFF",
      "RadiusGauge25_1_Circle1": "#dedfe3",
      "RadiusGauge25_1_Circle2": "#f2f3f7",
      "RadiusGauge25_1_Color2": "rgba(0, 255, 255, 0.01)",
      "RadiusGauge25_1_Color3": "#dedfe3",
      "RadiusGauge25_1_Circle3": "#C0C1C5",
      "RadiusGauge25_1_Caption": "#2e3041",
      "RadiusGauge25_1_Value": "#2e3041",
      "RadiusGauge25_1_Number": "#2e3041"
    },
    "Gauge-RadiusGauge26": {
      "RadiusGauge26_green": "#FF72D25B",
      "RadiusGauge26_yellow": "#FFFFE100",
      "RadiusGauge26_red": "#FFFF0000",
      "RadiusGauge26_wbg61": "#FF191919",
      "RadiusGauge26_Caption": "#FFFFFFFF",
      "RadiusGauge26_Number": "#FFFFFFFF",
      "RadiusGauge26_Value": "#FFFFFFFF",
      "RadiusGauge26_Path_354": {
        "t": "l",
        "x1": "0.500001013278961",
        "y1": "1.3043999671936",
        "x2": "0.500001013278961",
        "y2": "0.324203014373779",
        "stops": [
          {
            "color": "#FF7C7C7C",
            "offset": "0"
          },
          {
            "color": "#FF221714",
            "offset": "1"
          }
        ]
      },
      "RadiusGauge26_Path_374": {
        "t": "l",
        "x1": "0.355500996112823",
        "y1": "0.737847983837128",
        "x2": "1.11491000652313",
        "y2": "0.737847983837128",
        "stops": [
          {
            "color": "#FFFFFFFF",
            "offset": "0"
          },
          {
            "color": "#FFAAAAAA",
            "offset": "1"
          }
        ]
      },
      "RadiusGauge26_1_Circle2": "#ffffff",
      "RadiusGauge26_1_Circle3": "#f2f3f7",
      "RadiusGauge26_1_Caption": "#2e3041",
      "RadiusGauge26_1_Value": "#2e3041",
      "RadiusGauge26_1_Circle1": "#f2f3f7",
      "RadiusGauge26_1_Number": "#2e3041"
    },
    "Gauge-RadiusGauge27": {
      "RadiusGauge27_green": "#FF72D25B",
      "RadiusGauge27_yellow": "#FFFFE100",
      "RadiusGauge27_red": "#FFFF0000",
      "RadiusGauge27_Caption": "#FFFFFFFF",
      "RadiusGauge27_Number": "#FFFFFFFF",
      "RadiusGauge27_Value": "#FFFFFFFF",
      "RadiusGauge27_Path_385": {
        "t": "l",
        "x1": "0.499996989965439",
        "y1": "1.15810000896454",
        "x2": "0.499996989965439",
        "y2": "0.491302013397217",
        "stops": [
          {
            "color": "#FF7C7C7C",
            "offset": "0"
          },
          {
            "color": "#FF221714",
            "offset": "1"
          }
        ]
      },
      "RadiusGauge27_Path_354": {
        "t": "l",
        "x1": "0.500001013278961",
        "y1": "1.3043999671936",
        "x2": "0.500001013278961",
        "y2": "0.324203014373779",
        "stops": [
          {
            "color": "#FF7C7C7C",
            "offset": "0"
          },
          {
            "color": "#FF221714",
            "offset": "1"
          }
        ]
      },
      "RadiusGauge27_1_Circle1": "#f2f3f7",
      "RadiusGauge27_1_Circle2": "#ffffff",
      "RadiusGauge27_1_Caption": "#2e3041",
      "RadiusGauge27_1_Value": "#2e3041",
      "RadiusGauge27_1_Border2": "#2e3041",
      "RadiusGauge27_1_Number": "#2e3041",
      "RadiusGauge27_1_Border1": "#ffffff",
      "RadiusGauge27_1_Needle1": "#2fd3f6"
    },
    "Gauge-RadiusGauge28": {
      "RadiusGauge28_BorderBrush": "#FFA0A0A0",
      "RadiusGauge28_Background": "#7FFFFFFF",
      "RadiusGauge28_BorderBrush2": "#FFA0A0A0",
      "RadiusGauge28_Background2": "#FFFFFFFF",
      "RadiusGauge28_Rectangle1": {
        "t": "l",
        "x1": "0.5",
        "y1": "0",
        "x2": "0.5",
        "y2": "1",
        "stops": [
          {
            "color": "#FFFFFFFF",
            "offset": "0"
          },
          {
            "color": "#FFE0E0E0",
            "offset": "0.300000011920929"
          },
          {
            "color": "#FFC8C8C8",
            "offset": "0.449999988079071"
          },
          {
            "color": "#FFFFFFFF",
            "offset": "1"
          }
        ]
      },
      "RadiusGauge28_Rectangle4": {
        "t": "l",
        "x1": "0.5",
        "y1": "0",
        "x2": "0.5",
        "y2": "1",
        "stops": [
          {
            "color": "#FFFFFFFF",
            "offset": 0
          },
          {
            "color": "#00000000",
            "offset": "0.45"
          },
          {
            "color": "#00000000",
            "offset": "1"
          }
        ]
      },
      "RadiusGauge28_yellow": "#FFFFFF00",
      "RadiusGauge28_green": "#FF35FF00",
      "RadiusGauge28_red": "#FFFF0000",
      "RadiusGauge28_Caption": "#FF000000",
      "RadiusGauge28_Value": "#FF000000",
      "RadiusGauge28_1_Border2": "#f2f3f7",
      "RadiusGauge28_1_Border1": "#f2f3f7",
      "RadiusGauge28_1_Separated": "#f2f3f7",
      "RadiusGauge28_1_Caption": "#2e3041",
      "RadiusGauge28_1_Value": "#2e3041",
      "RadiusGauge28_1_Number": "#2e3041",
      "RadiusGauge28_1_backColor": "#f2f3f7"
    },
    "Gauge-SemiRadius1": {
      "SemiRadius1_Caption": "#FFFFFFFF",
      "SemiRadius1_Number": "#FFFFFFFF",
      "SemiRadius1_Value": "#FFFFFFFF",
      "SemiRadius1_Background": {
        "t": "l",
        "x1": "0",
        "y1": "0.5",
        "x2": "1",
        "y2": "0.5",
        "stops": [
          {
            "color": "#FF595959",
            "offset": "0"
          },
          {
            "color": "#FF323232",
            "offset": "1"
          }
        ]
      },
      "SemiRadius1_BottomBlock": {
        "t": "l",
        "x1": "-0.0394869",
        "y1": "0.5",
        "x2": "0.960513",
        "y2": "0.5",
        "stops": [
          {
            "color": "#FF595959",
            "offset": "0"
          },
          {
            "color": "#FF323232",
            "offset": "1"
          }
        ]
      },
      "SemiRadius1_InnerBorder": {
        "t": "l",
        "x1": "-5.84342e-008",
        "y1": "0.5",
        "x2": "1",
        "y2": "0.5",
        "stops": [
          {
            "color": "#FF595959",
            "offset": "0"
          },
          {
            "color": "#FF1E1E1E",
            "offset": "1"
          }
        ]
      },
      "SemiRadius1_Needle": {
        "t": "l",
        "x1": "0.315159",
        "y1": "0.343115",
        "x2": "1.12233",
        "y2": "0.343115",
        "stops": [
          {
            "color": "#FF595959",
            "offset": "0"
          },
          {
            "color": "#FF323232",
            "offset": "1"
          }
        ]
      },
      "SemiRadius1_BorderStroke": {
        "t": "l",
        "x1": "-6.05665e-008",
        "y1": "0.5",
        "x2": "1",
        "y2": "0.5",
        "stops": [
          {
            "color": "#FFB2B2B2",
            "offset": "0"
          },
          {
            "color": "#FF636363",
            "offset": "1"
          }
        ]
      },
      "SemiRadius1_BorderBackground": {
        "t": "l",
        "x1": "-6.1274e-008",
        "y1": "0.5",
        "x2": "1",
        "y2": "0.5",
        "stops": [
          {
            "color": "#FFD9D9D9",
            "offset": "0"
          },
          {
            "color": "#FFFFFFFF",
            "offset": "0.269663"
          },
          {
            "color": "#FF9C9C9C",
            "offset": "1"
          }
        ]
      },
      "SemiRadius1_1_Border1": "#f2f3f7",
      "SemiRadius1_1_Graduation": "#f2f3f7",
      "SemiRadius1_1_Value": "#2e3041",
      "SemiRadius1_1_Caption": "#2e3041",
      "SemiRadius1_1_Number": "#2e3041"
    },
    "Gauge-QuarterRadius1": {
      "QuarterRadius1_Caption": "#FFFFFFFF",
      "QuarterRadius1_Number": "#FFFFFFFF",
      "QuarterRadius1_Value": "#FFFFFFFF",
      "QuarterRadius1_Background": {
        "t": "l",
        "x1": "0",
        "y1": "0.5",
        "x2": "1",
        "y2": "0.5",
        "stops": [
          {
            "color": "#FF595959",
            "offset": "0"
          },
          {
            "color": "#FF323232",
            "offset": "1"
          }
        ]
      },
      "QuarterRadius1_BottomBlock": {
        "t": "l",
        "x1": "-0.0394869",
        "y1": "0.5",
        "x2": "0.960513",
        "y2": "0.5",
        "stops": [
          {
            "color": "#FF595959",
            "offset": "0"
          },
          {
            "color": "#FF323232",
            "offset": "1"
          }
        ]
      },
      "QuarterRadius1_InnerBorder": {
        "t": "l",
        "x1": "-5.84342e-008",
        "y1": "0.5",
        "x2": "1",
        "y2": "0.5",
        "stops": [
          {
            "color": "#FF595959",
            "offset": "0"
          },
          {
            "color": "#FF1E1E1E",
            "offset": "1"
          }
        ]
      },
      "QuarterRadius1_Needle": {
        "t": "l",
        "x1": "0.315159",
        "y1": "0.343115",
        "x2": "1.12233",
        "y2": "0.343115",
        "stops": [
          {
            "color": "#FF595959",
            "offset": "0"
          },
          {
            "color": "#FF323232",
            "offset": "1"
          }
        ]
      },
      "QuarterRadius1_BorderStroke": {
        "t": "l",
        "x1": "0",
        "y1": "0.5",
        "x2": "1",
        "y2": "0.5",
        "stops": [
          {
            "color": "#FFB2B2B2",
            "offset": "0"
          },
          {
            "color": "#FF858585",
            "offset": "1"
          }
        ]
      },
      "QuarterRadius1_BorderBackground": {
        "t": "l",
        "x1": "0",
        "y1": "0.5",
        "x2": "1",
        "y2": "0.5",
        "stops": [
          {
            "color": "#FFD9D9D9",
            "offset": "0"
          },
          {
            "color": "#FFFFFFFF",
            "offset": "0.269663"
          },
          {
            "color": "#FF9F9F9F",
            "offset": "1"
          }
        ]
      },
      "QuarterRadius1_1_Graduation": "#ffffff",
      "QuarterRadius1_1_Circle2": "#f2f3f7",
      "QuarterRadius1_1_border1": "#f2f3f7",
      "QuarterRadius1_1_Needle1": "#2fd3f6",
      "QuarterRadius1_1_Number": "#2e3041",
      "QuarterRadius1_1_Circle1": "#ffffff",
      "QuarterRadius1_1_Caption": "#2e3041",
      "QuarterRadius1_1_Value": "#2e3041"
    },
    "Map": {
      "MapNote_red": "#ff5455",
      "MapNote_yellow": "#ffb53f",
      "MapNote_green": "#29bb91",
      "fill": "#bd4646",
      "mapBorder": "#c74545",
      "focusFill": "#943838",
      "focusBorder": "#ba6d6d",
      "shadowColor": "#db5c5c",
      "noDataFill": "#8a4949",
      "Map_fill": "#cacbcf",
      "Map_mapBorder": "#ffffff",
      "Map_focusFill": "#2fd3f6",
      "Map_focusBorder": "#00a1c4",
      "Map_shadowColor": "#98999d",
      "Map_noDataFill": "#fcfdff",
      "Map_disableFocusAnimation": true,
      "Map_displayShadow": true
    },
    "gaugeStyle": 1,
    "pageBackground": null,
    "gaugeFolder": {
      "RadiusGauge20_red": "#ff5455",
      "RadiusGauge20_yellow": "#ffb53f",
      "RadiusGauge20_green": "#29bb91",
      "RadiusGauge20_1_red": "#ff5455",
      "RadiusGauge20_1_yellow": "#ffb53f",
      "RadiusGauge20_1_green": "#29bb91"
    },
    "font": null
  }
}