﻿{
  "_id": "3ac8ce48-0784-4eca-9762-d0e934a58494",
  "caption": "classic",
  "copySource": "3ac8ce48-0784-4eca-9762-d0e934a58494",
  "property": {
    "Chart": {
      "Chart_Background": "#ffffff",
      "Chart_Title_FontColor": "#000000",
      "Chart_Legend_FontColor": "#000000",
      "Chart_Legend_BorderColor": "rgba(128, 128, 128, 0.01)",
      "Chart_Legend_Background": "rgba(0, 0, 0, 0.0)",
      "Chart_ToolTip_Background": "#ffffff",
      "Chart_ToolTip_BorderColor": "#555555",
      "Chart_ToolTip_FontColor": "#000000",
      "Chart_Label_FontColor": "#000000",
      "Chart_Label_LineColor": "#000000",
      "Chart_AxisX_TitleFontColor": "#545454",
      "Chart_AxisX_FontColor": "#000000",
      "Chart_AxisX_LineColor": "#808080",
      "Chart_AxisX_MajorGrid_LineColor": "#d3d3d3",
      "Chart_AxisX_MajorTick_LineColor": "#d3d3d3",
      "Chart_AxisY_TitleFontColor": "#000000",
      "Chart_AxisY_FontColor": "#000000",
      "Chart_AxisY_LineColor": "#808080",
      "Chart_AxisY_MajorGrid_LineColor": "#d3d3d3",
      "Chart_AxisY_MajorTick_LineColor": "#d3d3d3",
      "Chart_FocusColor":"#66CCCCCC",
      "Chart_SelectColor":"#FFFF0000",
      "Chart_ColorSet_Color1": "#24baff",
      "Chart_ColorSet_Color2": "#ff2d29",
      "Chart_ColorSet_Color3": "#7ad387",
      "Chart_ColorSet_Color4": "#dee854",
      "Chart_ColorSet_Color5": "#b7b8a7",
      "Chart_ColorSet_Color6": "#20d6d6",
      "Chart_ColorSet_Color7": "#b84f4f",
      "Chart_ColorSet_Color8": "#7380e6",
      "Chart_ColorSet_Color9": "#707070",
      "Chart_ColorSet_Color10": "#ffe83d",
      "Chart_ColorSet_Color11": "#e66565",
      "Chart_ColorSet_Color12": "#d2f525",
      "Chart_ColorSet_Color13": "#9795ba",
      "Chart_ColorSet_Color14": "#4a1cd6",
      "Chart_ColorSet_Color15": "#cf88d4",
      "Chart_ColorSet_Color16": "#754609"
    },
    "Gauge-RadiusGauge21": {
      "RadiusGauge21_Background": "#FF000000",
      "RadiusGauge21_Path": {
        "t": "l",
        "x1": "0.5",
        "y1": "0.0072996998205781",
        "x2": "0.5",
        "y2": "0.985399007797241",
        "stops": [
          {
            "color": "#FF000000",
            "offset": "0"
          },
          {
            "color": "#FF004FCC",
            "offset": "0.230768993496895"
          },
          {
            "color": "#FF000000",
            "offset": "1"
          }
        ]
      },
      "RadiusGauge21_Rectangle00": "#33000000",
      "RadiusGauge21_Rectangle01": "#34000000",
      "RadiusGauge21_TitleSide": "#00000000",
      "RadiusGauge21_Path19": "#B3000000",
      "RadiusGauge21_Path21": "#FF000000",
      "RadiusGauge21_add01": "#00FFFFFF",
      "RadiusGauge21_yellow": {
        "t": "l",
        "x1": "0.998991012573242",
        "y1": "0.5",
        "x2": "-0.0611758008599281",
        "y2": "0.5",
        "stops": [
          {
            "color": "#FFD86C00",
            "offset": "0"
          },
          {
            "color": "#FFFFFF00",
            "offset": "1"
          }
        ]
      },
      "RadiusGauge21_green": {
        "t": "l",
        "x1": "0.998991012573242",
        "y1": "0.5",
        "x2": "-0.0611758008599281",
        "y2": "0.5",
        "stops": [
          {
            "color": "#FF007008",
            "offset": "0"
          },
          {
            "color": "#FF35FF00",
            "offset": "1"
          }
        ]
      },
      "RadiusGauge21_red": {
        "t": "l",
        "x1": "0.998991012573242",
        "y1": "0.5",
        "x2": "-0.0611758008599281",
        "y2": "0.5",
        "stops": [
          {
            "color": "#FF700000",
            "offset": "0"
          },
          {
            "color": "#FFFF4242",
            "offset": "1"
          }
        ]
      },
      "RadiusGauge21_Caption": "#FFFFFFFF",
      "RadiusGauge21_Number": "#FFFFFFFF",
      "RadiusGauge21_Value": "#FFFFFFFF",
      "RadiusGauge21_Path_1": {
        "t": "l",
        "x1": "0",
        "y1": "0.5",
        "x2": "1",
        "y2": "0.5",
        "stops": [
          {
            "color": "#E5323232",
            "offset": "0"
          },
          {
            "color": "#E5000000",
            "offset": "1"
          }
        ]
      },
      "RadiusGauge21_Path_21": "#99000000",
      "RadiusGauge21_Rectangle_1": "#FF000000",
      "RadiusGauge21_1_Color-Circle": "#ffffff",
      "RadiusGauge21_1_path": "#EBEBEB",
      "RadiusGauge21_1_Caption": "#000000",
      "RadiusGauge21_1_Value": "#000000",
      "RadiusGauge21_1_Number": "#000000",
      "RadiusGauge21_1_border": "#ebebeb"
    },
    "Gauge-RadiusGauge22": {
      "RadiusGauge22_Background": "#FF000000",
      "RadiusGauge22_Path": {
        "t": "l",
        "x1": "0.5",
        "y1": "0.0072996998205781",
        "x2": "0.5",
        "y2": "0.985399007797241",
        "stops": [
          {
            "color": "#FF000000",
            "offset": "0"
          },
          {
            "color": "#FF004FCC",
            "offset": "0.230768993496895"
          },
          {
            "color": "#FF000000",
            "offset": "1"
          }
        ]
      },
      "RadiusGauge22_Rectangle21": "#BF000000",
      "RadiusGauge22_Rectangle22": "#FF000000",
      "RadiusGauge22_TitleSide": "#00000000",
      "RadiusGauge22_Rectangle00": "#33000000",
      "RadiusGauge22_Rectangle01": "#34000000",
      "RadiusGauge22_Rectangle_1": "#FF000000",
      "RadiusGauge22_Path_21": "#99000000",
      "RadiusGauge22_Black": "#99000000",
      "RadiusGauge22_yellow": {
        "t": "l",
        "x1": "0.998991012573242",
        "y1": "0.5",
        "x2": "-0.0611758008599281",
        "y2": "0.5",
        "stops": [
          {
            "color": "#FFD86C00",
            "offset": "0"
          },
          {
            "color": "#FFFFFF00",
            "offset": "1"
          }
        ]
      },
      "RadiusGauge22_green": {
        "t": "l",
        "x1": "0.998991012573242",
        "y1": "0.5",
        "x2": "-0.0611758008599281",
        "y2": "0.5",
        "stops": [
          {
            "color": "#FF007008",
            "offset": "0"
          },
          {
            "color": "#FF35FF00",
            "offset": "1"
          }
        ]
      },
      "RadiusGauge22_red": {
        "t": "l",
        "x1": "0.998991012573242",
        "y1": "0.5",
        "x2": "-0.0611758008599281",
        "y2": "0.5",
        "stops": [
          {
            "color": "#FF700000",
            "offset": "0"
          },
          {
            "color": "#FFFF4242",
            "offset": "1"
          }
        ]
      },
      "RadiusGauge22_Caption": "#FFFFFFFF",
      "RadiusGauge22_Number": "#FFFFFFFF",
      "RadiusGauge22_Value": "#FFFFFFFF",
      "RadiusGauge22_1_Background": "#ffffff",
      "RadiusGauge22_1_Border1": "#ebebeb",
      "RadiusGauge22_1_Value": "#000000",
      "RadiusGauge22_1_Number": "#000000",
      "RadiusGauge22_1_Caption": "#000000"
    },
    "Gauge-RadiusGauge23": {
      "RadiusGauge23_Path32": {
        "t": "l",
        "x1": "0.5",
        "y1": "0.989794015884399",
        "x2": "0.5",
        "y2": "-1.21831999422284E-06",
        "stops": [
          {
            "color": "#FF323232",
            "offset": "0"
          },
          {
            "color": "#FF000000",
            "offset": "1"
          }
        ]
      },
      "RadiusGauge23_Path31": "#FF000000",
      "RadiusGauge23_Base3": "#FF000000",
      "RadiusGauge23_yellow": {
        "t": "l",
        "x1": "0.998991012573242",
        "y1": "0.5",
        "x2": "-0.0611758008599281",
        "y2": "0.5",
        "stops": [
          {
            "color": "#FFD86C00",
            "offset": "0"
          },
          {
            "color": "#FFFFFF00",
            "offset": "1"
          }
        ]
      },
      "RadiusGauge23_green": {
        "t": "l",
        "x1": "0.998991012573242",
        "y1": "0.5",
        "x2": "-0.0611758008599281",
        "y2": "0.5",
        "stops": [
          {
            "color": "#FF007008",
            "offset": "0"
          },
          {
            "color": "#FF35FF00",
            "offset": "1"
          }
        ]
      },
      "RadiusGauge23_red": {
        "t": "l",
        "x1": "0.998991012573242",
        "y1": "0.5",
        "x2": "-0.0611758008599281",
        "y2": "0.5",
        "stops": [
          {
            "color": "#FF700000",
            "offset": "0"
          },
          {
            "color": "#FFFF4242",
            "offset": "1"
          }
        ]
      },
      "RadiusGauge23_Caption": "#FFFFFFFF",
      "RadiusGauge23_Number": "#FFFFFFFF",
      "RadiusGauge23_Value": "#FFFFFFFF",
      "RadiusGauge23_Brush_Blue": {
        "t": "l",
        "x1": "0.5",
        "y1": "0.00284949992783368",
        "x2": "0.5",
        "y2": "1.00001001358032",
        "stops": [
          {
            "color": "#FF004FCC",
            "offset": "0"
          },
          {
            "color": "#FF000000",
            "offset": "1"
          }
        ]
      },
      "RadiusGauge23_1_Circle1": "#ebebeb",
      "RadiusGauge23_1_Border1": "#ffffff",
      "RadiusGauge23_1_Circle2": "#ffffff",
      "RadiusGauge23_1_Caption": "#000000",
      "RadiusGauge23_1_Value": "#000000",
      "RadiusGauge23_1_Number": "#000000",
      "RadiusGauge23_1_square": "#ffffff",
      "RadiusGauge23_1_border1": "#ebebeb"
    },
    "Gauge-RadiusGauge24": {
      "RadiusGauge24_Ellipse41": {
        "t": "l",
        "x1": "0",
        "y1": "0.5",
        "x2": "1",
        "y2": "0.5",
        "stops": [
          {
            "color": "#FFFFFFFF",
            "offset": "0"
          },
          {
            "color": "#FF808080",
            "offset": "1"
          }
        ]
      },
      "RadiusGauge24_Path41": "#FF000000",
      "RadiusGauge24_Path42": {
        "t": "l",
        "x1": "0.499998986721039",
        "y1": "-0.00933681987226009",
        "x2": "0.499998986721039",
        "y2": "0.99066299200058",
        "stops": [
          {
            "color": "#FF004FCC",
            "offset": "0"
          },
          {
            "color": "#FF000000",
            "offset": "1"
          }
        ]
      },
      "RadiusGauge24_Path43": "#FF000000",
      "RadiusGauge24_Path45": {
        "t": "l",
        "x1": "0.5",
        "y1": "-0.49099999666214",
        "x2": "0.5",
        "y2": "1.51499998569489",
        "stops": [
          {
            "color": "#FF000000",
            "offset": "0"
          },
          {
            "color": "#FF333333",
            "offset": "0.210328996181488"
          },
          {
            "color": "#FF666666",
            "offset": "0.24175800383091"
          },
          {
            "color": "#FF333333",
            "offset": "0.384615004062653"
          },
          {
            "color": "#FF000000",
            "offset": "1"
          }
        ]
      },
      "RadiusGauge24_Path46": {
        "t": "l",
        "x1": "0.499985992908478",
        "y1": "0",
        "x2": "0.499989002943039",
        "y2": "1",
        "stops": [
          {
            "color": "#FF808080",
            "offset": "0"
          },
          {
            "color": "#FF333333",
            "offset": "1"
          }
        ]
      },
      "RadiusGauge24_add41": "#00000000",
      "RadiusGauge24_add42": "#00000000",
      "RadiusGauge24_yellow": {
        "t": "l",
        "x1": "0.998991012573242",
        "y1": "0.5",
        "x2": "-0.0611758008599281",
        "y2": "0.5",
        "stops": [
          {
            "color": "#FFD86C00",
            "offset": "0"
          },
          {
            "color": "#FFFFFF00",
            "offset": "1"
          }
        ]
      },
      "RadiusGauge24_green": {
        "t": "l",
        "x1": "0.998991012573242",
        "y1": "0.5",
        "x2": "-0.0611758008599281",
        "y2": "0.5",
        "stops": [
          {
            "color": "#FF007008",
            "offset": "0"
          },
          {
            "color": "#FF35FF00",
            "offset": "1"
          }
        ]
      },
      "RadiusGauge24_red": {
        "t": "l",
        "x1": "0.998991012573242",
        "y1": "0.5",
        "x2": "-0.0611758008599281",
        "y2": "0.5",
        "stops": [
          {
            "color": "#FF700000",
            "offset": "0"
          },
          {
            "color": "#FFFF4242",
            "offset": "1"
          }
        ]
      },
      "RadiusGauge24_Caption": "#FFFFFFFF",
      "RadiusGauge24_Number": "#FFFFFFFF",
      "RadiusGauge24_Value": "#FFFFFFFF",
      "RadiusGauge24_1_Border1": "#ebebeb",
      "RadiusGauge24_1_Number": "#000000",
      "RadiusGauge24_1_half": "#ffffff",
      "RadiusGauge24_1_Caption": "#000000",
      "RadiusGauge24_1_Value": "#000000",
      "RadiusGauge24_1_Border2": "#000000"
    },
    "Gauge-RadiusGauge25": {
      "RadiusGauge25_Path52": {
        "t": "l",
        "x1": "0.5",
        "y1": "-0.00367558002471924",
        "x2": "0.5",
        "y2": "1",
        "stops": [
          {
            "color": "#FF323232",
            "offset": "0"
          },
          {
            "color": "#FF000000",
            "offset": "1"
          }
        ]
      },
      "RadiusGauge25_Path51": {
        "t": "l",
        "x1": "0.5",
        "y1": "0.025645200163126",
        "x2": "0.5",
        "y2": "0.974358022212982",
        "stops": [
          {
            "color": "#FF02245A",
            "offset": "0"
          },
          {
            "color": "#FF000000",
            "offset": "1"
          }
        ]
      },
      "RadiusGauge25_Path41": "#FF000000",
      "RadiusGauge25_yellow": {
        "t": "l",
        "x1": "0.998991012573242",
        "y1": "0.5",
        "x2": "-0.0611758008599281",
        "y2": "0.5",
        "stops": [
          {
            "color": "#FFD86C00",
            "offset": "0"
          },
          {
            "color": "#FFFFFF00",
            "offset": "1"
          }
        ]
      },
      "RadiusGauge25_green": {
        "t": "l",
        "x1": "0.998991012573242",
        "y1": "0.5",
        "x2": "-0.0611758008599281",
        "y2": "0.5",
        "stops": [
          {
            "color": "#FF007008",
            "offset": "0"
          },
          {
            "color": "#FF35FF00",
            "offset": "1"
          }
        ]
      },
      "RadiusGauge25_red": {
        "t": "l",
        "x1": "0.998991012573242",
        "y1": "0.5",
        "x2": "-0.0611758008599281",
        "y2": "0.5",
        "stops": [
          {
            "color": "#FF700000",
            "offset": "0"
          },
          {
            "color": "#FFFF4242",
            "offset": "1"
          }
        ]
      },
      "RadiusGauge25_Caption": "#FFFFFFFF",
      "RadiusGauge25_Number": "#FFFFFFFF",
      "RadiusGauge25_Value": "#FFFFFFFF",
      "RadiusGauge25_1_Circle1": "#EBEBEB",
      "RadiusGauge25_1_Circle2": "#ffffff",
      "RadiusGauge25_1_Color2": "rgba(255, 255, 255, 0.02)",
      "RadiusGauge25_1_Color3": "#ebebeb",
      "RadiusGauge25_1_Circle3": "#EBEBEB",
      "RadiusGauge25_1_Caption": "#1f1f1f",
      "RadiusGauge25_1_Value": "#1f1f1f",
      "RadiusGauge25_1_Number": "#000000"
    },
    "Gauge-RadiusGauge26": {
      "RadiusGauge26_green": "#FF72D25B",
      "RadiusGauge26_yellow": "#FFFFE100",
      "RadiusGauge26_red": "#FFFF0000",
      "RadiusGauge26_wbg61": "#FF191919",
      "RadiusGauge26_Caption": "#FFFFFFFF",
      "RadiusGauge26_Number": "#FFFFFFFF",
      "RadiusGauge26_Value": "#FFFFFFFF",
      "RadiusGauge26_Path_354": {
        "t": "l",
        "x1": "0.500001013278961",
        "y1": "1.3043999671936",
        "x2": "0.500001013278961",
        "y2": "0.324203014373779",
        "stops": [
          {
            "color": "#FF7C7C7C",
            "offset": "0"
          },
          {
            "color": "#FF221714",
            "offset": "1"
          }
        ]
      },
      "RadiusGauge26_Path_374": {
        "t": "l",
        "x1": "0.355500996112823",
        "y1": "0.737847983837128",
        "x2": "1.11491000652313",
        "y2": "0.737847983837128",
        "stops": [
          {
            "color": "#FFFFFFFF",
            "offset": "0"
          },
          {
            "color": "#FFAAAAAA",
            "offset": "1"
          }
        ]
      },
      "RadiusGauge26_1_Circle2": "#ffffff",
      "RadiusGauge26_1_Circle3": "#ffffff",
      "RadiusGauge26_1_Caption": "#1f1f1f",
      "RadiusGauge26_1_Value": "#1f1f1f"
    },
    "Gauge-RadiusGauge27": {
      "RadiusGauge27_green": "#FF72D25B",
      "RadiusGauge27_yellow": "#FFFFE100",
      "RadiusGauge27_red": "#FFFF0000",
      "RadiusGauge27_Caption": "#FFFFFFFF",
      "RadiusGauge27_Number": "#FFFFFFFF",
      "RadiusGauge27_Value": "#FFFFFFFF",
      "RadiusGauge27_Path_385": {
        "t": "l",
        "x1": "0.499996989965439",
        "y1": "1.15810000896454",
        "x2": "0.499996989965439",
        "y2": "0.491302013397217",
        "stops": [
          {
            "color": "#FF7C7C7C",
            "offset": "0"
          },
          {
            "color": "#FF221714",
            "offset": "1"
          }
        ]
      },
      "RadiusGauge27_Path_354": {
        "t": "l",
        "x1": "0.500001013278961",
        "y1": "1.3043999671936",
        "x2": "0.500001013278961",
        "y2": "0.324203014373779",
        "stops": [
          {
            "color": "#FF7C7C7C",
            "offset": "0"
          },
          {
            "color": "#FF221714",
            "offset": "1"
          }
        ]
      },
      "RadiusGauge27_1_Circle1": "#ebebeb",
      "RadiusGauge27_1_Circle2": "#ffffff",
      "RadiusGauge27_1_Caption": "#1f1f1f",
      "RadiusGauge27_1_Value": "#1f1f1f",
      "RadiusGauge27_1_Border2": "#1f1f1f",
      "RadiusGauge27_1_Number": "#1f1f1f"
    },
    "Gauge-RadiusGauge28": {
      "RadiusGauge28_BorderBrush": "#FFA0A0A0",
      "RadiusGauge28_Background": "#7FFFFFFF",
      "RadiusGauge28_BorderBrush2": "#FFA0A0A0",
      "RadiusGauge28_Background2": "#FFFFFFFF",
      "RadiusGauge28_Rectangle1": {
        "t": "l",
        "x1": "0.5",
        "y1": "0",
        "x2": "0.5",
        "y2": "1",
        "stops": [
          {
            "color": "#FFFFFFFF",
            "offset": "0"
          },
          {
            "color": "#FFE0E0E0",
            "offset": "0.300000011920929"
          },
          {
            "color": "#FFC8C8C8",
            "offset": "0.449999988079071"
          },
          {
            "color": "#FFFFFFFF",
            "offset": "1"
          }
        ]
      },
      "RadiusGauge28_Rectangle4": {
        "t": "l",
        "x1": "0.5",
        "y1": "0",
        "x2": "0.5",
        "y2": "1",
        "stops": [
          {
            "color": "#FFFFFFFF",
            "offset": 0
          },
          {
            "color": "#00000000",
            "offset": "0.45"
          },
          {
            "color": "#00000000",
            "offset": "1"
          }
        ]
      },
      "RadiusGauge28_yellow": "#FFFFFF00",
      "RadiusGauge28_green": "#FF35FF00",
      "RadiusGauge28_red": "#FFFF0000",
      "RadiusGauge28_Caption": "#FF000000",
      "RadiusGauge28_Value": "#FF000000",
      "RadiusGauge28_1_Border2": "#ebebeb",
      "RadiusGauge28_1_Border1": "#ebebeb",
      "RadiusGauge28_1_Separated": "#ebebeb"
    },
    "Gauge-SemiRadius1": {
      "SemiRadius1_Caption": "#FFFFFFFF",
      "SemiRadius1_Number": "#FFFFFFFF",
      "SemiRadius1_Value": "#FFFFFFFF",
      "SemiRadius1_Background": {
        "t": "l",
        "x1": "0",
        "y1": "0.5",
        "x2": "1",
        "y2": "0.5",
        "stops": [
          {
            "color": "#FF595959",
            "offset": "0"
          },
          {
            "color": "#FF323232",
            "offset": "1"
          }
        ]
      },
      "SemiRadius1_BottomBlock": {
        "t": "l",
        "x1": "-0.0394869",
        "y1": "0.5",
        "x2": "0.960513",
        "y2": "0.5",
        "stops": [
          {
            "color": "#FF595959",
            "offset": "0"
          },
          {
            "color": "#FF323232",
            "offset": "1"
          }
        ]
      },
      "SemiRadius1_InnerBorder": {
        "t": "l",
        "x1": "-5.84342e-008",
        "y1": "0.5",
        "x2": "1",
        "y2": "0.5",
        "stops": [
          {
            "color": "#FF595959",
            "offset": "0"
          },
          {
            "color": "#FF1E1E1E",
            "offset": "1"
          }
        ]
      },
      "SemiRadius1_Needle": {
        "t": "l",
        "x1": "0.315159",
        "y1": "0.343115",
        "x2": "1.12233",
        "y2": "0.343115",
        "stops": [
          {
            "color": "#FF595959",
            "offset": "0"
          },
          {
            "color": "#FF323232",
            "offset": "1"
          }
        ]
      },
      "SemiRadius1_BorderStroke": {
        "t": "l",
        "x1": "-6.05665e-008",
        "y1": "0.5",
        "x2": "1",
        "y2": "0.5",
        "stops": [
          {
            "color": "#FFB2B2B2",
            "offset": "0"
          },
          {
            "color": "#FF636363",
            "offset": "1"
          }
        ]
      },
      "SemiRadius1_BorderBackground": {
        "t": "l",
        "x1": "-6.1274e-008",
        "y1": "0.5",
        "x2": "1",
        "y2": "0.5",
        "stops": [
          {
            "color": "#FFD9D9D9",
            "offset": "0"
          },
          {
            "color": "#FFFFFFFF",
            "offset": "0.269663"
          },
          {
            "color": "#FF9C9C9C",
            "offset": "1"
          }
        ]
      },
      "SemiRadius1_1_Border1": "#ebebeb",
      "SemiRadius1_1_Graduation": "#ebebeb"
    },
    "Gauge-QuarterRadius1": {
      "QuarterRadius1_Caption": "#FFFFFFFF",
      "QuarterRadius1_Number": "#FFFFFFFF",
      "QuarterRadius1_Value": "#FFFFFFFF",
      "QuarterRadius1_Background": {
        "t": "l",
        "x1": "0",
        "y1": "0.5",
        "x2": "1",
        "y2": "0.5",
        "stops": [
          {
            "color": "#FF595959",
            "offset": "0"
          },
          {
            "color": "#FF323232",
            "offset": "1"
          }
        ]
      },
      "QuarterRadius1_BottomBlock": {
        "t": "l",
        "x1": "-0.0394869",
        "y1": "0.5",
        "x2": "0.960513",
        "y2": "0.5",
        "stops": [
          {
            "color": "#FF595959",
            "offset": "0"
          },
          {
            "color": "#FF323232",
            "offset": "1"
          }
        ]
      },
      "QuarterRadius1_InnerBorder": {
        "t": "l",
        "x1": "-5.84342e-008",
        "y1": "0.5",
        "x2": "1",
        "y2": "0.5",
        "stops": [
          {
            "color": "#FF595959",
            "offset": "0"
          },
          {
            "color": "#FF1E1E1E",
            "offset": "1"
          }
        ]
      },
      "QuarterRadius1_Needle": {
        "t": "l",
        "x1": "0.315159",
        "y1": "0.343115",
        "x2": "1.12233",
        "y2": "0.343115",
        "stops": [
          {
            "color": "#FF595959",
            "offset": "0"
          },
          {
            "color": "#FF323232",
            "offset": "1"
          }
        ]
      },
      "QuarterRadius1_BorderStroke": {
        "t": "l",
        "x1": "0",
        "y1": "0.5",
        "x2": "1",
        "y2": "0.5",
        "stops": [
          {
            "color": "#FFB2B2B2",
            "offset": "0"
          },
          {
            "color": "#FF858585",
            "offset": "1"
          }
        ]
      },
      "QuarterRadius1_BorderBackground": {
        "t": "l",
        "x1": "0",
        "y1": "0.5",
        "x2": "1",
        "y2": "0.5",
        "stops": [
          {
            "color": "#FFD9D9D9",
            "offset": "0"
          },
          {
            "color": "#FFFFFFFF",
            "offset": "0.269663"
          },
          {
            "color": "#FF9F9F9F",
            "offset": "1"
          }
        ]
      },
      "QuarterRadius1_1_Graduation": "#ebebeb",
      "QuarterRadius1_1_Circle2": "#ebebeb"
    },
    "Map": {
      "MapNote_red": "#de2d11",
      "MapNote_yellow": "#eb9d1e",
      "MapNote_green": "#38bdab",
      "fill": "#bd4646",
      "mapBorder": "#c74545",
      "focusFill": "#943838",
      "focusBorder": "#ba6d6d",
      "shadowColor": "#db5c5c",
      "noDataFill": "#8a4949",
      "Map_fill": "#85dafc",
      "Map_mapBorder": "#ffffff",
      "Map_focusFill": "#1a9dd9",
      "Map_focusBorder": "#e0e0e0",
      "Map_shadowColor": "#575757",
      "Map_noDataFill": "#c4c4c4",
      "Map_disableFocusAnimation": true,
      "Map_displayShadow": false
    },
    "dataGrid": {
      "dev-datagrid-element_border-widthUnit": "px",
      "dev-datagrid-element_border-radiusUnit_caption_": "px",
      "dev-datagrid-element_border-radiusUnit": "px",
      "dev-datagrid-element_border-widthUnit_caption_": "px",
      "dev-datagrid-selected_border-widthUnit_caption_": "px",
      "dev-datagrid-selected_border-widthUnit": "px",
      "dev-datagrid-selected_border-radiusUnit_caption_": "px",
      "dev-datagrid-selected_border-radiusUnit": "px",
      "dev-datagrid-headercell_border-widthUnit": "px",
      "dev-datagrid-headercell_border-radiusUnit": "px",
      "dev-datagrid-datacell_border-widthUnit": "px",
      "dev-datagrid-datacell_border-radiusUnit": "px",
      "dev-datagrid-oddrow_border-widthUnit": "px",
      "dev-datagrid-oddrow_border-radiusUnit": "px",
      "dev-datagrid-evenrow_border-widthUnit": "px",
      "dev-datagrid-evenrow_border-radiusUnit": "px",
      "dev-datagrid-headercell_border-style": "outset",
      "dev-datagrid-headercell_background": "#ffffff",
      "dev-datagrid-headercell_border-width": "0",
      "dev-datagrid-headercell_border-color": "#ffffff",
      "dev-datagrid-oddrow_background": "#F5F8F9",
      "dev-datagrid-headercell_color": "#000000",
      "dev-datagrid-oddrow_color": "#575757",
      "dev-datagrid-evenrow_background": "#ffffff",
      "dev-datagrid-evenrow_color": "#575757",
      "dev-datagrid-selected_background": "#c2d5f2",
      "dev-datagrid-selected_color": "#000000"
    },
    "pivotGrid": {
      "dev-pivotgrid-fixedcolumncell_border-widthUnit_caption_": "px",
      "dev-pivotgrid-element_border-widthUnit": "px",
      "dev-pivotgrid-fixedcolumncell_border-widthUnit": "px",
      "dev-pivotgrid-fixedcolumncell_border-radiusUnit_caption_": "px",
      "dev-pivotgrid-element_border-radiusUnit": "px",
      "dev-pivotgrid-fixedcolumncell_border-radiusUnit": "px",
      "dev-pivotgrid-headercell_border-widthUnit": "px",
      "dev-pivotgrid-headercell_border-radiusUnit": "px",
      "dev-pivotgrid-datacell_border-widthUnit": "px",
      "dev-pivotgrid-datacell_border-radiusUnit": "px",
      "dev-pivotgrid-element_background": "#ffffff",
      "dev-pivotgrid-element_border-width": "1",
      "dev-pivotgrid-element_border-style": "solid",
      "dev-pivotgrid-headercell_background": "#ffffff",
      "dev-pivotgrid-headercell_font-weight": "bold",
      "dev-pivotgrid-headercell_color": "#000000",
      "dev-pivotgrid-headercell_border-width": "1",
      "dev-pivotgrid-headercell_border-style": "solid",
      "dev-pivotgrid-headercell_border-color": "#cccccc",
      "dev-pivotgrid-datacell_background": "#575757",
      "dev-pivotgrid-datacell_color": "#cfcfcf",
      "dev-pivotgrid-datacell_border-width": "1",
      "dev-pivotgrid-datacell_border-style": "solid",
      "dev-pivotgrid-fixedcolumncell_background": "#363636",
      "dev-pivotgrid-fixedcolumncell_border-width": "1",
      "dev-pivotgrid-fixedcolumncell_border-style": "solid",
      "dev-pivotgrid-fixedcolumncell_border-color": "#ffffff",
      "dev-pivotgrid-fixedcolumncell_border-style_caption_": "solid",
      "dev-pivotgrid-element_border-widthUnit_caption_": "px",
      "dev-pivotgrid-element_border-radiusUnit_caption_": "px",
      "dev-pivotgrid-element_border-color": "#cccccc",
      "dev-pivotgrid-datacell_border-color": "#cccccc"
    },
    "list": {
      "dev-list-element_border-widthUnit_caption_": "px",
      "dev-list-element_border-widthUnit": "px",
      "dev-list-element_border-radiusUnit_caption_": "px",
      "dev-list-element_border-radiusUnit": "px",
      "dev-list-element_background": "#525252",
      "dev-list-element_color": "#ffffff",
      "dev-list-element_border-width": "2",
      "dev-list-element_border-style": "solid",
      "dev-list-element_border-color": "#bdbdbd",
      "dev-list-element_border-style_caption_": "solid"
    },
    "listMenu": {
      "dev-listmenu-image_border-widthUnit_caption_": "px",
      "dev-listmenu-element_border-widthUnit": "px",
      "dev-listmenu-image_border-widthUnit": "px",
      "dev-listmenu-image_border-radiusUnit_caption_": "px",
      "dev-listmenu-element_border-radiusUnit": "px",
      "dev-listmenu-image_border-radiusUnit": "px",
      "dev-listmenu-text_border-widthUnit": "px",
      "dev-listmenu-text_border-radiusUnit": "px",
      "dev-listmenu-item_border-widthUnit": "px",
      "dev-listmenu-item_border-radiusUnit": "px",
      "dev-listmenu-itemselected_border-widthUnit": "px",
      "dev-listmenu-itemselected_border-radiusUnit": "px",
      "dev-listmenu-element_color": "#9e9e9e",
      "dev-listmenu-text_color": "#363636",
      "dev-listmenu-item_background": "#ffffff",
      "dev-listmenu-element_border-widthUnit_caption_": "px",
      "dev-listmenu-element_border-radiusUnit_caption_": "px"
    },
    "label": {
      "dev-label-text_border-widthUnit_caption_": "px",
      "dev-label-element_border-widthUnit": "px",
      "dev-label-text_border-widthUnit": "px",
      "dev-label-text_border-radiusUnit_caption_": "px",
      "dev-label-element_border-radiusUnit": "px",
      "dev-label-text_border-radiusUnit": "px",
      "dev-label-element_color": "#000000",
      "dev-label-element_border-color": "#cccccc",
      "dev-label-text_background": "#ffffff",
      "dev-label-text_color": "#000000",
      "dev-label-element_border-widthUnit_caption_": "px",
      "dev-label-element_border-radiusUnit_caption_": "px"
    },
    "checkBox": {
      "dev-checkbox-element_border-widthUnit_caption_": "px",
      "dev-checkbox-element_border-widthUnit": "px",
      "dev-checkbox-element_border-radiusUnit_caption_": "px",
      "dev-checkbox-element_border-radiusUnit": "px",
      "dev-checkbox-element_background": "#ffffff",
      "dev-checkbox-element_color": "#3d3d3d",
      "dev-checkbox-element_border-width": "1",
      "dev-checkbox-element_border-style": "solid",
      "dev-checkbox-element_border-color": "#cccccc",
      "dev-checkbox-element_border-radius": "10",
      "dev-checkbox-element_border-style_caption_": "solid"
    },
    "comboBox": {
      "dev-combobox-button_border-widthUnit_caption_": "px",
      "dev-combobox-element_border-widthUnit": "px",
      "dev-combobox-button_border-widthUnit": "px",
      "dev-combobox-button_border-radiusUnit_caption_": "px",
      "dev-combobox-element_border-radiusUnit": "px",
      "dev-combobox-button_border-radiusUnit": "px",
      "dev-combobox-text_border-widthUnit": "px",
      "dev-combobox-text_border-radiusUnit": "px",
      "dev-combobox-image_border-widthUnit": "px",
      "dev-combobox-image_border-radiusUnit": "px",
      "dev-combobox-listelement_border-widthUnit": "px",
      "dev-combobox-listelement_border-radiusUnit": "px",
      "dev-combobox-item_border-widthUnit": "px",
      "dev-combobox-item_border-radiusUnit": "px",
      "dev-combobox-itemimage_border-widthUnit": "px",
      "dev-combobox-itemimage_border-radiusUnit": "px",
      "dev-combobox-itemtext_border-widthUnit": "px",
      "dev-combobox-itemtext_border-radiusUnit": "px",
      "dev-combobox-inputreadonly_border-widthUnit": "px",
      "dev-combobox-inputreadonly_border-radiusUnit": "px",
      "dev-combobox-input_border-widthUnit": "px",
      "dev-combobox-input_border-radiusUnit": "px",
      "dev-combobox-element_background": "#cccccc",
      "dev-combobox-element_border-width": "1",
      "dev-combobox-element_border-style": "solid",
      "dev-combobox-element_border-color": "#ffffff",
      "dev-combobox-text_background": "#ffffff",
      "dev-combobox-text_color": "#000000",
      "dev-combobox-button_background": "#f5f5f5",
      "dev-combobox-element_border-widthUnit_caption_": "px",
      "dev-combobox-element_border-radiusUnit_caption_": "px",
      "dev-combobox-element_color": "#000000",
      "dev-combobox-itemtext_color": "#000000"
    },
    "fileUploader": {
      "dev-fileuploader-button_border-widthUnit_caption_": "px",
      "dev-fileuploader-element_border-widthUnit": "px",
      "dev-fileuploader-button_border-widthUnit": "px",
      "dev-fileuploader-button_border-radiusUnit_caption_": "px",
      "dev-fileuploader-element_border-radiusUnit": "px",
      "dev-fileuploader-button_border-radiusUnit": "px",
      "dev-fileuploader-filetext_border-widthUnit": "px",
      "dev-fileuploader-filetext_border-radiusUnit": "px",
      "dev-fileuploader-element_background": "#ffffff",
      "dev-fileuploader-element_color": "#000000",
      "dev-fileuploader-element_border-style": "solid",
      "dev-fileuploader-element_border-color": "#cccccc",
      "dev-fileuploader-filetext_color": "#000000",
      "dev-fileuploader-filetext_border-style": "solid",
      "dev-fileuploader-button_background": "#ffffff",
      "dev-fileuploader-button_color": "#000000",
      "dev-fileuploader-button_border-width": "1",
      "dev-fileuploader-button_border-style": "solid",
      "dev-fileuploader-button_border-color": "#cccccc",
      "dev-fileuploader-button_border-style_caption_": "solid",
      "dev-fileuploader-element_border-widthUnit_caption_": "px",
      "dev-fileuploader-element_border-radiusUnit_caption_": "px",
      "dev-fileuploader-filetext_border-color": "#cccccc"
    },
    "htmlEditor": {
      "dev-htmleditor-element_border-widthUnit_caption_": "px",
      "dev-htmleditor-element_border-widthUnit": "px",
      "dev-htmleditor-element_border-radiusUnit_caption_": "px",
      "dev-htmleditor-element_border-radiusUnit": "px",
      "dev-htmleditor-element_border-width": "1",
      "dev-htmleditor-element_border-style": "solid",
      "dev-htmleditor-element_border-color": "#cccccc",
      "dev-htmleditor-element_border-style_caption_": "solid"
    },
    "image": {
      "dev-image-element_border-widthUnit_caption_": "px",
      "dev-image-element_border-widthUnit": "px",
      "dev-image-element_border-radiusUnit_caption_": "px",
      "dev-image-element_border-radiusUnit": "px",
      "dev-image-element_background": "#ffffff",
      "dev-image-element_border-width": "1",
      "dev-image-element_border-style": "solid",
      "dev-image-element_border-color": "#cccccc",
      "dev-image-element_border-style_caption_": "solid"
    },
    "radioButton": {
      "dev-radiobutton-input_border-widthUnit_caption_": "px",
      "dev-radiobutton-element_border-widthUnit": "px",
      "dev-radiobutton-input_border-widthUnit": "px",
      "dev-radiobutton-input_border-radiusUnit_caption_": "px",
      "dev-radiobutton-element_border-radiusUnit": "px",
      "dev-radiobutton-input_border-radiusUnit": "px",
      "dev-radiobutton-element_background": "#2a2b4d",
      "dev-radiobutton-element_color": "#ffffff",
      "dev-radiobutton-element_border-width": "1",
      "dev-radiobutton-element_border-style": "solid",
      "dev-radiobutton-element_border-color": "#cfcfcf",
      "dev-radiobutton-element_border-widthUnit_caption_": "px",
      "dev-radiobutton-element_border-radiusUnit_caption_": "px"
    },
    "textBox": {
      "dev-textbox-readonly_border-widthUnit_caption_": "px",
      "dev-textbox-element_border-widthUnit": "px",
      "dev-textbox-readonly_border-widthUnit": "px",
      "dev-textbox-readonly_border-radiusUnit_caption_": "px",
      "dev-textbox-element_border-radiusUnit": "px",
      "dev-textbox-readonly_border-radiusUnit": "px",
      "dev-textbox-fkreference_border-widthUnit": "px",
      "dev-textbox-fkreference_border-radiusUnit": "px",
      "dev-textbox-text_border-widthUnit": "px",
      "dev-textbox-text_border-radiusUnit": "px",
      "dev-textbox-input_border-widthUnit": "px",
      "dev-textbox-input_border-radiusUnit": "px",
      "dev-textbox-multiline_border-widthUnit": "px",
      "dev-textbox-multiline_border-radiusUnit": "px",
      "dev-textbox-text_background": "#ffffff",
      "dev-textbox-text_color": "#363636",
      "dev-textbox-text_border-width": "2",
      "dev-textbox-text_border-style": "solid",
      "dev-textbox-text_border-color": "#f5f5f5",
      "dev-textbox-input_background": "#ffffff",
      "dev-textbox-input_border-width": "2",
      "dev-textbox-input_border-style": "solid",
      "dev-textbox-input_border-color": "#f5f5f5",
      "dev-textbox-element_border-widthUnit_caption_": "px",
      "dev-textbox-element_border-radiusUnit_caption_": "px"
    },
    "flipSwitch": {
      "dev-flipswitch-innerText_border-widthUnit_caption_": "px",
      "dev-flipswitch-element_border-widthUnit": "px",
      "dev-flipswitch-innerText_border-widthUnit": "px",
      "dev-flipswitch-innerText_border-radiusUnit_caption_": "px",
      "dev-flipswitch-element_border-radiusUnit": "px",
      "dev-flipswitch-innerText_border-radiusUnit": "px",
      "dev-flipswitch-element_border-widthUnit_caption_": "px",
      "dev-flipswitch-element_border-radiusUnit_caption_": "px"
    },
    "hyperLinkButton": {
      "dev-hyperLinkButton-fontColor_border-widthUnit_caption_": "px",
      "dev-hyperLinkButton-background_border-widthUnit": "px",
      "dev-hyperLinkButton-fontColor_border-widthUnit": "px",
      "dev-hyperLinkButton-fontColor_border-radiusUnit_caption_": "px",
      "dev-hyperLinkButton-background_border-radiusUnit": "px",
      "dev-hyperLinkButton-fontColor_border-radiusUnit": "px",
      "dev-hyperLinkButton-background_background": "",
      "dev-hyperLinkButton-background_color": "#ffffff",
      "dev-hyperlinkbutton-element_border-widthUnit_caption_": "px",
      "dev-hyperlinkbutton-element_border-widthUnit": "px",
      "dev-hyperlinkbutton-element_border-radiusUnit_caption_": "px",
      "dev-hyperlinkbutton-element_border-radiusUnit": "px"
    },
    "commandBar": {
      "dev-commandbar-buttontext_border-widthUnit_caption_": "px",
      "dev-commandbar-buttonelement_border-widthUnit": "px",
      "dev-commandbar-buttontext_border-widthUnit": "px",
      "dev-commandbar-buttontext_border-radiusUnit_caption_": "px",
      "dev-commandbar-buttonelement_border-radiusUnit": "px",
      "dev-commandbar-buttontext_border-radiusUnit": "px",
      "dev-commandbar-button_border-widthUnit": "px",
      "dev-commandbar-button_border-radiusUnit": "px",
      "dev-commandbar-buttonelement_background": "#ffffff",
      "dev-commandbar-buttonelement_border-width": "1",
      "dev-commandbar-buttonelement_border-style": "solid",
      "dev-commandbar-buttonelement_border-color": "#2a2b4d",
      "dev-commandbar-button_background": "#2a2b4d",
      "dev-commandbar-button_color": "#dbdbdb",
      "dev-commandbar-element_border-widthUnit_caption_": "px",
      "dev-commandbar-element_border-widthUnit": "px",
      "dev-commandbar-element_border-radiusUnit_caption_": "px",
      "dev-commandbar-element_border-radiusUnit": "px"
    },
    "toolBar": {
      "dev-toolbar-button_border-widthUnit_caption_": "px",
      "dev-toolbar-element_border-widthUnit": "px",
      "dev-toolbar-button_border-widthUnit": "px",
      "dev-toolbar-button_border-radiusUnit_caption_": "px",
      "dev-toolbar-element_border-radiusUnit": "px",
      "dev-toolbar-button_border-radiusUnit": "px",
      "dev-toolbar-element_background": "#ffffff",
      "dev-toolbar-element_color": "#2e2e2e",
      "dev-toolbar-element_border-width": "1",
      "dev-toolbar-element_border-style": "solid",
      "dev-toolbar-element_border-color": "#cccccc",
      "dev-toolbar-button_background": "#ebebeb",
      "dev-toolbar-button_color": "#000000",
      "dev-toolbar-button_border-width": "1",
      "dev-toolbar-button_border-style": "solid",
      "dev-toolbar-button_border-color": "#cccccc",
      "dev-toolbar-button_border-style_caption_": "solid",
      "dev-toolbar-element_border-widthUnit_caption_": "px",
      "dev-toolbar-element_border-radiusUnit_caption_": "px"
    },
    "accordion": {
      "dev-accordion-bar_border-widthUnit_caption_": "px",
      "dev-accordion-header_border-widthUnit": "px",
      "dev-accordion-bar_border-widthUnit": "px",
      "dev-accordion-bar_border-radiusUnit_caption_": "px",
      "dev-accordion-header_border-radiusUnit": "px",
      "dev-accordion-bar_border-radiusUnit": "px",
      "dev-accordion-content_border-widthUnit": "px",
      "dev-accordion-content_border-radiusUnit": "px",
      "dev-accordion-header_border-style": "solid",
      "dev-accordion-content_background": "#ffffff",
      "dev-accordion-content_border-width": "0",
      "dev-accordion-content_border-style": "solid",
      "dev-accordion-content_border-color": "#000000",
      "dev-accordion-bar_border-width": "0",
      "dev-accordion-bar_border-style": "solid",
      "dev-accordion-bar_border-color": "#696969",
      "dev-accordion-bar_border-style_caption_": "solid",
      "dev-accordion-element_border-widthUnit_caption_": "px",
      "dev-accordion-element_border-widthUnit": "px",
      "dev-accordion-element_border-radiusUnit_caption_": "px",
      "dev-accordion-element_border-radiusUnit": "px",
      "dev-accordion-header_border-width": "0",
      "dev-accordion-header_background": "#ffffff",
      "dev-accordion-bar_background": "#ffffff"
    },
    "freeBlock": {
      "dev-freeblock-element_border-widthUnit_caption_": "px",
      "dev-freeblock-element_border-widthUnit": "px",
      "dev-freeblock-element_border-radiusUnit_caption_": "px",
      "dev-freeblock-element_border-radiusUnit": "px",
      "dev-freeblock-element_background": "#ffffff",
      "dev-freeblock-element_color": "#000000"
    },
    "flowBlock": {
      "dev-flowblock-element_border-widthUnit_caption_": "px",
      "dev-flowblock-element_border-widthUnit": "px",
      "dev-flowblock-element_border-radiusUnit_caption_": "px",
      "dev-flowblock-element_border-radiusUnit": "px",
      "dev-flowblock-element_background": "#f0f0f0",
      "dev-flowblock-element_border-width": "0",
      "dev-flowblock-element_border-style": "solid",
      "dev-flowblock-element_border-color": "#c4c4c4",
      "dev-flowblock-element_border-style_caption_": "solid"
    },
    "groupBox": {
      "dev-groupbox-legendtext_border-widthUnit_caption_": "px",
      "dev-groupbox-element_border-widthUnit": "px",
      "dev-groupbox-legendtext_border-widthUnit": "px",
      "dev-groupbox-legendtext_border-radiusUnit_caption_": "px",
      "dev-groupbox-element_border-radiusUnit": "px",
      "dev-groupbox-legendtext_border-radiusUnit": "px",
      "dev-groupbox-legend_border-widthUnit": "px",
      "dev-groupbox-legend_border-radiusUnit": "px",
      "dev-groupbox-element_background": "#ffffff",
      "dev-groupbox-element_border-width": "1",
      "dev-groupbox-element_border-style": "solid",
      "dev-groupbox-element_border-color": "#EBEBEB",
      "dev-groupbox-legend_background": "#c4c4c4",
      "dev-groupbox-legend_color": "#ffffff",
      "dev-groupbox-legend_border-radius": "10",
      "dev-groupbox-element_border-widthUnit_caption_": "px",
      "dev-groupbox-element_border-radiusUnit_caption_": "px",
      "dev-groupbox-legend_border-width": "0",
      "dev-groupbox-legend_border-color": "#ffffff",
      "dev-groupbox-legendtext_background": "#c4c4c4",
      "dev-groupbox-legendtext_border-color": "#c4c4c4"
    },
    "tabControl": {
      "dev-tabs-tagtext_border-widthUnit_caption_": "px",
      "dev-tabs-element_border-widthUnit": "px",
      "dev-tabs-tagtext_border-widthUnit": "px",
      "dev-tabs-tagtext_border-radiusUnit_caption_": "px",
      "dev-tabs-element_border-radiusUnit": "px",
      "dev-tabs-tagtext_border-radiusUnit": "px",
      "dev-tabs-content_border-widthUnit": "px",
      "dev-tabs-content_border-radiusUnit": "px",
      "dev-tabs-header_border-widthUnit": "px",
      "dev-tabs-header_border-radiusUnit": "px",
      "dev-tabs-element_background": "#ffffff",
      "dev-tabs-element_border-width": "2",
      "dev-tabs-element_border-style": "solid",
      "dev-tabs-content_background": "#ffffff",
      "dev-tabs-content_color": "#1c1c1c",
      "dev-tabs-element_border-widthUnit_caption_": "px",
      "dev-tabs-element_border-radiusUnit_caption_": "px",
      "dev-tabs-element_border-color": "#bfbfbf"
    },
    "slider": {
      "dev-slider-element_border-widthUnit_caption_": "px",
      "dev-slider-element_border-widthUnit": "px",
      "dev-slider-element_border-radiusUnit_caption_": "px",
      "dev-slider-element_border-radiusUnit": "px"
    },
    "block": {
      "dev-block-element_border-widthUnit_caption_": "px",
      "dev-block-element_border-widthUnit": "px",
      "dev-block-element_border-radiusUnit_caption_": "px",
      "dev-block-element_border-radiusUnit": "px"
    },
    "iframe": {
      "dev-iframe-element_border-widthUnit_caption_": "px",
      "dev-iframe-element_border-widthUnit": "px",
      "dev-iframe-element_border-radiusUnit_caption_": "px",
      "dev-iframe-element_border-radiusUnit": "px"
    },
    "Button1": {
      "dev-button-element1:hover_border-radiusUnit_caption_": "px",
      "dev-button-element1_border-radiusUnit": "px",
      "dev-button-element1:hover_border-radiusUnit": "px",
      "dev-button-element1_background": "#24BAFF",
      "dev-button-element1_color": "#ffffff",
      "dev-button-element1_border-color": "#24baff",
      "dev-button-element1:hover_background": "#2e3961",
      "dev-button-element1:hover_color": "#ffffff",
      "dev-button-element1:hover_border-color": "#ffffff",
      "dev-button1-element_border-widthUnit_caption_": "px",
      "dev-button1-element_border-widthUnit": "px",
      "dev-button1-element_border-radiusUnit_caption_": "px",
      "dev-button1-element_border-radiusUnit": "px"
    },
    "Button2": {
      "dev-button-element2:hover_border-radiusUnit_caption_": "px",
      "dev-button-element2_border-radiusUnit": "px",
      "dev-button-element2:hover_border-radiusUnit": "px",
      "dev-button-element2_background": "#ffffff",
      "dev-button-element2_color": "#000000",
      "dev-button-element2_border-color": "#000000",
      "dev-button-element2:hover_background": "#24baff",
      "dev-button-element2:hover_color": "#ffffff",
      "dev-button-element2:hover_border-color": "#24baff",
      "dev-button2-element_border-widthUnit_caption_": "px",
      "dev-button2-element_border-widthUnit": "px",
      "dev-button2-element_border-radiusUnit_caption_": "px",
      "dev-button2-element_border-radiusUnit": "px"
    },
    "Button3": {
      "dev-button-element3:hover_border-radiusUnit_caption_": "px",
      "dev-button-element3_border-radiusUnit": "px",
      "dev-button-element3:hover_border-radiusUnit": "px",
      "dev-button-element3_background": "#ffffff",
      "dev-button-element3_color": "#24baff",
      "dev-button-element3_border-color": "#24BAFF",
      "dev-button-element3:hover_background": "#4f4f4f",
      "dev-button-element3:hover_color": "#ffffff",
      "dev-button-element3:hover_border-color": "#808080",
      "dev-button3-element_border-widthUnit_caption_": "px",
      "dev-button3-element_border-widthUnit": "px",
      "dev-button3-element_border-radiusUnit_caption_": "px",
      "dev-button3-element_border-radiusUnit": "px"
    },
    "Button4": {
      "dev-button-element4:hover_border-radiusUnit_caption_": "px",
      "dev-button-element4_border-radiusUnit": "px",
      "dev-button-element4:hover_border-radiusUnit": "px",
      "dev-button-element4_background": "#ffffff",
      "dev-button-element4_color": "#000000",
      "dev-button-element4_border-color": "#000000",
      "dev-button-element4:hover_background": "#808080",
      "dev-button-element4:hover_border-color": "#808080",
      "dev-button4-element_border-widthUnit_caption_": "px",
      "dev-button4-element_border-widthUnit": "px",
      "dev-button4-element_border-radiusUnit_caption_": "px",
      "dev-button4-element_border-radiusUnit": "px"
    },
    "Button5": {
      "dev-button-element5_background": "#ffffff",
      "dev-button-element5_color": "#000000",
      "dev-button-element5_border-color": "#000000",
      "dev-button-element5:hover_background": "#24baff",
      "dev-button-element5:hover_color": "#ffffff",
      "dev-button-element5:hover_border-color": "#8cdbff",
      "dev-button5-element_border-widthUnit_caption_": "px",
      "dev-button5-element_border-widthUnit": "px",
      "dev-button5-element_border-radiusUnit_caption_": "px",
      "dev-button5-element_border-radiusUnit": "px"
    },
    "ButtonList1": {
      "dev-buttonList-select1_border-radiusUnit_caption_": "px",
      "dev-buttonList-element1_border-radiusUnit": "px",
      "dev-buttonList-select1_border-radiusUnit": "px",
      "dev-buttonList-element1:hover_border-radiusUnit": "px",
      "dev-buttonList-element1_background": "#24baff",
      "dev-buttonList-element1_color": "#ffffff",
      "dev-buttonList-element1_border-color": "#24baff",
      "dev-buttonlist1-element_border-widthUnit_caption_": "px",
      "dev-buttonlist1-element_border-widthUnit": "px",
      "dev-buttonlist1-element_border-radiusUnit_caption_": "px",
      "dev-buttonlist1-element_border-radiusUnit": "px",
      "dev-buttonList-element1:hover_background": "#0062ff",
      "dev-buttonList-element1:hover_color": "#ffffff",
      "dev-buttonList-element1:hover_border-color": "#0062ff",
      "dev-buttonList-select1_background": "#026b9c",
      "dev-buttonList-select1_color": "#ffffff",
      "dev-buttonList-select1_border-color": "#026b9c"
    },
    "ButtonList2": {
      "dev-buttonList-select2_border-radiusUnit_caption_": "px",
      "dev-buttonList-element2_border-radiusUnit": "px",
      "dev-buttonList-select2_border-radiusUnit": "px",
      "dev-buttonList-element2:hover_border-radiusUnit": "px",
      "dev-buttonList-element2_background": "#383838",
      "dev-buttonList-element2_color": "#24baff",
      "dev-buttonList-element2_border-color": "#24baff",
      "dev-buttonList-element2:hover_background": "#d1d1d1",
      "dev-buttonList-element2:hover_color": "#262626",
      "dev-buttonList-element2:hover_border-color": "#474747",
      "dev-buttonlist2-element_border-widthUnit_caption_": "px",
      "dev-buttonlist2-element_border-widthUnit": "px",
      "dev-buttonlist2-element_border-radiusUnit_caption_": "px",
      "dev-buttonlist2-element_border-radiusUnit": "px",
      "dev-buttonList-select2_background": "#666666",
      "dev-buttonList-select2_color": "#ffffff",
      "dev-buttonList-select2_border-color": "#4f4f4f"
    },
    "ButtonList3": {
      "dev-buttonList-select3_border-radiusUnit_caption_": "px",
      "dev-buttonList-element3_border-radiusUnit": "px",
      "dev-buttonList-select3_border-radiusUnit": "px",
      "dev-buttonList-element3:hover_border-radiusUnit": "px",
      "dev-buttonList-element3_background": "#24baff",
      "dev-buttonList-element3_color": "#ffffff",
      "dev-buttonList-element3_border-color": "#24baff",
      "dev-buttonList-element3:hover_background": "#ffffff",
      "dev-buttonList-element3:hover_color": "#000000",
      "dev-buttonList-element3:hover_border-color": "#808080",
      "dev-buttonlist3-element_border-widthUnit_caption_": "px",
      "dev-buttonlist3-element_border-widthUnit": "px",
      "dev-buttonlist3-element_border-radiusUnit_caption_": "px",
      "dev-buttonlist3-element_border-radiusUnit": "px",
      "dev-buttonList-select3_background": "#b3b3b3",
      "dev-buttonList-select3_color": "#000000"
    },
    "ButtonList4": {
      "dev-buttonList-select4_border-radiusUnit_caption_": "px",
      "dev-buttonList-element4_border-radiusUnit": "px",
      "dev-buttonList-select4_border-radiusUnit": "px",
      "dev-buttonList-element4:hover_border-radiusUnit": "px",
      "dev-buttonList-element4_background": "#24baff",
      "dev-buttonList-element4_color": "#ffffff",
      "dev-buttonList-element4_border-color": "#24baff",
      "dev-buttonList-element4:hover_background": "#000080",
      "dev-buttonList-element4:hover_color": "#ffffff",
      "dev-buttonList-element4:hover_border-color": "#000080",
      "dev-buttonlist4-element_border-widthUnit_caption_": "px",
      "dev-buttonlist4-element_border-widthUnit": "px",
      "dev-buttonlist4-element_border-radiusUnit_caption_": "px",
      "dev-buttonlist4-element_border-radiusUnit": "px",
      "dev-buttonList-select4_background": "#d6d6d6",
      "dev-buttonList-select4_color": "#000000",
      "dev-buttonList-select4_border-color": "#808080"
    },
    "ButtonList5": {
      "dev-buttonList-element5_background": "#24baff",
      "dev-buttonList-element5_color": "#ffffff",
      "dev-buttonList-element5_border-color": "#4169e1",
      "dev-buttonList-element5:hover_background": "#ffffff",
      "dev-buttonList-element5:hover_color": "#000000",
      "dev-buttonList-element5:hover_border-color": "#000000",
      "dev-buttonlist5-element_border-widthUnit_caption_": "px",
      "dev-buttonlist5-element_border-widthUnit": "px",
      "dev-buttonlist5-element_border-radiusUnit_caption_": "px",
      "dev-buttonlist5-element_border-radiusUnit": "px",
      "dev-buttonList-select5_background": "#8a8a8a",
      "dev-buttonList-select5_border-color": "#808080",
      "dev-buttonList-select5_color": "#ffffff"
    },
    "gaugeStyle": 1,
    "pageBackground": null,
    "listBox": {
      "dev-listbox-selected_border-widthUnit_caption_": "px",
      "dev-listbox-listelement_border-widthUnit": "px",
      "dev-listbox-selected_border-widthUnit": "px",
      "dev-listbox-selected_border-radiusUnit_caption_": "px",
      "dev-listbox-listelement_border-radiusUnit": "px",
      "dev-listbox-selected_border-radiusUnit": "px",
      "dev-listbox-item_border-widthUnit": "px",
      "dev-listbox-item_border-radiusUnit": "px",
      "dev-listbox-selecting_border-widthUnit": "px",
      "dev-listbox-selecting_border-radiusUnit": "px",
      "dev-listbox-listelement_background": "#ffffff",
      "dev-listbox-listelement_color": "#ffffff",
      "dev-listbox-item_background": "#bdbdbd",
      "dev-listbox-item_color": "#ffffff",
      "dev-listbox-selecting_background": "#bdbdbd",
      "dev-listbox-selecting_color": "#ffffff",
      "dev-listbox-selected_background": "#636363",
      "dev-listbox-selected_color": "#ffffff",
      "dev-listbox-element_border-widthUnit_caption_": "px",
      "dev-listbox-element_border-widthUnit": "px",
      "dev-listbox-element_border-radiusUnit_caption_": "px",
      "dev-listbox-element_border-radiusUnit": "px",
      "dev-listbox-listelement_border-width": "1",
      "dev-listbox-listelement_border-style": "solid",
      "dev-listbox-listelement_border-color": "#cccccc",
      "dev-listbox-selecting_border-width": "1",
      "dev-listbox-selecting_border-style": "solid",
      "dev-listbox-selecting_border-color": "#000000"
    },
    "gaugeFolder": {
      "RadiusGauge20_red": "#ff5455",
      "RadiusGauge20_yellow": "#FFD253",
      "RadiusGauge20_green": "#6dc7b9",
      "RadiusGauge20_1_red": "#ff5455",
      "RadiusGauge20_1_yellow": "#FFD253",
      "RadiusGauge20_1_green": "#6dc7b9"
    }
  }
}