{
  "_id": "f838d40f-b6b4-4d47-9c18-b7de9abcb15e",
  "_ind_": "3",
  "caption": "classicBlue",
  "style": ".dev-combobox-input-theme {background:rgba(255,255,255,1)}.dev-combobox-text-theme {background:rgba(255,255,255,1)}.dev-combobox-input-theme {color:rgba(0,0,0,1)}.dev-combobox-element-theme {color:rgba(0,0,0,1)}.dev-datagrid-oddrow-theme {color:rgba(255,255,255,1)}.dev-datagrid-evenrow-theme {color:rgba(255,255,255,1)}.dev-datagrid-oddrow-theme {background:rgba(0,0,0,0.803921568627451)}.dev-datagrid-evenrow-theme {background:rgba(0,0,0,0.6)}.dev-datagrid-element-theme {background:#1e5799;\nbackground: -moz-linear-gradient(0deg,rgba(6,23,47,1) 0.00%,rgba(23,72,140,1) 34.20%,rgba(3,13,28,1) 100.00%);\nbackground: -webkit-gradient(linear, 50.00% 0.00%, 50.00% 100.00%,color-stop(1,rgba(3,13,28,1) ),color-stop(0,rgba(6,23,47,1) ),color-stop(0.342000007629395,rgba(23,72,140,1) ));\nbackground: -webkit-linear-gradient(180deg,rgba(6,23,47,1) 0.00%,rgba(23,72,140,1) 34.20%,rgba(3,13,28,1) 100.00%);\nbackground: -o-linear-gradient(180deg,rgba(6,23,47,1) 0.00%,rgba(23,72,140,1) 34.20%,rgba(3,13,28,1) 100.00%);\nbackground: -ms-linear-gradient(180deg,rgba(6,23,47,1) 0.00%,rgba(23,72,140,1) 34.20%,rgba(3,13,28,1) 100.00%);\nbackground: linear-gradient(180deg,rgba(6,23,47,1) 0.00%,rgba(23,72,140,1) 34.20%,rgba(3,13,28,1) 100.00%);}.dev-datagrid-headercell-theme {color:rgba(255,255,0,1)}.dev-datagrid-headercell-theme {background:rgba(0,0,0,1)}.dev-datagrid-headercell-theme {border-color:rgba(122,122,122,1)}.dev-datagrid-selected-theme {background:rgba(211,211,211,0.4)}.dev-groupbox-legendtext-theme {color:rgba(0,255,249,1)}.dev-groupbox-element-theme {border-color:rgba(0,0,0,1)}.dev-groupbox-legend-theme {border-color:rgba(0,0,0,0)}.dev-groupbox-legend-theme {background:rgba(0,0,0,0.2)}.dev-groupbox-element-theme {background:#1e5799;\nbackground: -moz-linear-gradient(0deg,rgba(0,0,0,1) 0.00%,rgba(0,79,204,1) 23.08%,rgba(0,0,0,1) 100.00%);\nbackground: -webkit-gradient(linear, 50.00% 0.73%, 50.00% 98.54%,color-stop(0,rgba(0,0,0,1) ),color-stop(0.230768993496895,rgba(0,79,204,1) ),color-stop(1,rgba(0,0,0,1) ));\nbackground: -webkit-linear-gradient(180deg,rgba(0,0,0,1) 0.00%,rgba(0,79,204,1) 23.08%,rgba(0,0,0,1) 100.00%);\nbackground: -o-linear-gradient(180deg,rgba(0,0,0,1) 0.00%,rgba(0,79,204,1) 23.08%,rgba(0,0,0,1) 100.00%);\nbackground: -ms-linear-gradient(180deg,rgba(0,0,0,1) 0.00%,rgba(0,79,204,1) 23.08%,rgba(0,0,0,1) 100.00%);\nbackground: linear-gradient(180deg,rgba(0,0,0,1) 0.00%,rgba(0,79,204,1) 23.08%,rgba(0,0,0,1) 100.00%);}.dev-hyperLinkButton-background-theme {background:rgba(255,255,255,0)}.dev-hyperLinkButton-fontColor-theme {color:rgba(115,169,216,1)}.dev-label-element-theme {background:rgba(255,255,255,1)}.dev-label-text-theme {color:rgba(0,0,0,1)}.dev-tabs-content-theme {background:rgba(255,255,255,1)}.dev-textbox-input-theme {background:rgba(255,255,255,1)}.dev-textbox-text-theme {background:rgba(255,255,255,1)}.dev-textbox-text-theme {border-color:rgba(0,0,0,1)}.dev-textbox-input-theme {border-color:rgba(0,0,0,1)}.dev-textbox-element-theme {color:rgba(0,0,0,1)}.dev-textbox-input-theme {color:rgba(0,0,0,1)}.dev-slider-element-theme {color:rgba(255,255,255,1)}",  
  "property": {
    "Chart": {
      "Chart_Background": {
        "t": "l",
        "x1": "0.5",
        "y1": "0.00284949992783368",
        "x2": "0.5",
        "y2": "1.00001001358032",
        "stops": [
          {
            "color": "#FF004FCC",
            "offset": "0"
          },
          {
            "color": "#FF000000",
            "offset": "1"
          }
        ]
      },
      "Chart_Title_FontColor": "#FFFFFFFF",
      "Chart_Legend_FontColor": "#FFD3D3D3",
      "Chart_Legend_BorderColor": "LightGray",
      "Chart_Legend_Background": "#00000000",
      "Chart_ToolTip_Background": "#FFFFFFC1",
      "Chart_ToolTip_BorderColor": "#FF555555",
      "Chart_ToolTip_FontColor": "#FF000000",
      "Chart_Label_FontColor": "#FFFFFFFF",
      "Chart_Label_LineColor": "#FFFFFFFF",
      "Chart_AxisX_TitleFontColor": "#FFFFFFFF",
      "Chart_AxisX_FontColor": "#FFFFFFFF",
      "Chart_AxisX_LineColor": "#FF808080",
      "Chart_AxisX_MajorGrid_LineColor": "#FFD3D3D3",
      "Chart_AxisX_MajorTick_LineColor": "#FFD3D3D3",
      "Chart_AxisY_TitleFontColor": "#FFFFFFFF",
      "Chart_AxisY_FontColor": "#FFFFFFFF",
      "Chart_AxisY_LineColor": "#FF808080",
      "Chart_AxisY_MajorGrid_LineColor": "#FFD3D3D3",
      "Chart_AxisY_MajorTick_LineColor": "#FFD3D3D3",
      "Chart_FocusColor":"#66CCCCCC",
      "Chart_SelectColor":"#FFFF0000",
      "Chart_ColorSet_Color1": "#FFFCE51F",
      "Chart_ColorSet_Color2": "#FF35C000",
      "Chart_ColorSet_Color3": "#FFCA4242",
      "Chart_ColorSet_Color4": "#FFE042FF",
      "Chart_ColorSet_Color5": "#FFF08F42",
      "Chart_ColorSet_Color6": "#FF42F08C",
      "Chart_ColorSet_Color7": "#FF4249D0",
      "Chart_ColorSet_Color8": "#FF42E8E0",
      "Chart_ColorSet_Color9": "#FFECD189",
      "Chart_ColorSet_Color10": "#FFEAB1C2",
      "Chart_ColorSet_Color11": "#FFB382C7",
      "Chart_ColorSet_Color12": "#FF3DB7E4",
      "Chart_ColorSet_Color13": "#FFA8B400",
      "Chart_ColorSet_Color14": "#FF00A092",
      "Chart_ColorSet_Color15": "#FF89B2B1",
      "Chart_ColorSet_Color16": "#FFE67C9B"
    },
    "Gauge-QuarterRadius1": {
      "QuarterRadius1_Caption": "#FFFFFFFF",
      "QuarterRadius1_Number": "#FFFFFFFF",
      "QuarterRadius1_Value": "#FFFFFFFF",
      "QuarterRadius1_Background": {
        "t": "l",
        "x1": "0",
        "y1": "0.5",
        "x2": "1",
        "y2": "0.5",
        "stops": [
          {
            "color": "#FF595959",
            "offset": "0"
          },
          {
            "color": "#FF323232",
            "offset": "1"
          }
        ]
      },
      "QuarterRadius1_BottomBlock": {
        "t": "l",
        "x1": "-0.0394869",
        "y1": "0.5",
        "x2": "0.960513",
        "y2": "0.5",
        "stops": [
          {
            "color": "#FF595959",
            "offset": "0"
          },
          {
            "color": "#FF323232",
            "offset": "1"
          }
        ]
      },
      "QuarterRadius1_InnerBorder": {
        "t": "l",
        "x1": "-5.84342e-008",
        "y1": "0.5",
        "x2": "1",
        "y2": "0.5",
        "stops": [
          {
            "color": "#FF595959",
            "offset": "0"
          },
          {
            "color": "#FF1E1E1E",
            "offset": "1"
          }
        ]
      },
      "QuarterRadius1_Needle": {
        "t": "l",
        "x1": "0.315159",
        "y1": "0.343115",
        "x2": "1.12233",
        "y2": "0.343115",
        "stops": [
          {
            "color": "#FF595959",
            "offset": "0"
          },
          {
            "color": "#FF323232",
            "offset": "1"
          }
        ]
      },
      "QuarterRadius1_BorderStroke": {
        "t": "l",
        "x1": "0",
        "y1": "0.5",
        "x2": "1",
        "y2": "0.5",
        "stops": [
          {
            "color": "#FFB2B2B2",
            "offset": "0"
          },
          {
            "color": "#FF858585",
            "offset": "1"
          }
        ]
      },
      "QuarterRadius1_BorderBackground": {
        "t": "l",
        "x1": "0",
        "y1": "0.5",
        "x2": "1",
        "y2": "0.5",
        "stops": [
          {
            "color": "#FFD9D9D9",
            "offset": "0"
          },
          {
            "color": "#FFFFFFFF",
            "offset": "0.269663"
          },
          {
            "color": "#FF9F9F9F",
            "offset": "1"
          }
        ]
      }
    },
    "Gauge-SemiRadius1": {
      "SemiRadius1_Caption": "#FFFFFFFF",
      "SemiRadius1_Number": "#FFFFFFFF",
      "SemiRadius1_Value": "#FFFFFFFF",
      "SemiRadius1_Background": {
        "t": "l",
        "x1": "0",
        "y1": "0.5",
        "x2": "1",
        "y2": "0.5",
        "stops": [
          {
            "color": "#FF595959",
            "offset": "0"
          },
          {
            "color": "#FF323232",
            "offset": "1"
          }
        ]
      },
      "SemiRadius1_BottomBlock": {
        "t": "l",
        "x1": "-0.0394869",
        "y1": "0.5",
        "x2": "0.960513",
        "y2": "0.5",
        "stops": [
          {
            "color": "#FF595959",
            "offset": "0"
          },
          {
            "color": "#FF323232",
            "offset": "1"
          }
        ]
      },
      "SemiRadius1_InnerBorder": {
        "t": "l",
        "x1": "-5.84342e-008",
        "y1": "0.5",
        "x2": "1",
        "y2": "0.5",
        "stops": [
          {
            "color": "#FF595959",
            "offset": "0"
          },
          {
            "color": "#FF1E1E1E",
            "offset": "1"
          }
        ]
      },
      "SemiRadius1_Needle": {
        "t": "l",
        "x1": "0.315159",
        "y1": "0.343115",
        "x2": "1.12233",
        "y2": "0.343115",
        "stops": [
          {
            "color": "#FF595959",
            "offset": "0"
          },
          {
            "color": "#FF323232",
            "offset": "1"
          }
        ]
      },
      "SemiRadius1_BorderStroke": {
        "t": "l",
        "x1": "-6.05665e-008",
        "y1": "0.5",
        "x2": "1",
        "y2": "0.5",
        "stops": [
          {
            "color": "#FFB2B2B2",
            "offset": "0"
          },
          {
            "color": "#FF636363",
            "offset": "1"
          }
        ]
      },
      "SemiRadius1_BorderBackground": {
        "t": "l",
        "x1": "-6.1274e-008",
        "y1": "0.5",
        "x2": "1",
        "y2": "0.5",
        "stops": [
          {
            "color": "#FFD9D9D9",
            "offset": "0"
          },
          {
            "color": "#FFFFFFFF",
            "offset": "0.269663"
          },
          {
            "color": "#FF9C9C9C",
            "offset": "1"
          }
        ]
      }
    },
    "Gauge-RadiusGauge21": {
      "RadiusGauge21_Background": "#FF000000",
      "RadiusGauge21_Path": {
        "t": "l",
        "x1": "0.5",
        "y1": "0.0072996998205781",
        "x2": "0.5",
        "y2": "0.985399007797241",
        "stops": [
          {
            "color": "#FF000000",
            "offset": "0"
          },
          {
            "color": "#FF004FCC",
            "offset": "0.230768993496895"
          },
          {
            "color": "#FF000000",
            "offset": "1"
          }
        ]
      },
      "RadiusGauge21_Rectangle00": "#33000000",
      "RadiusGauge21_Rectangle01": "#34000000",
      "RadiusGauge21_Rectangle_1": "#FF000000",
      "RadiusGauge21_TitleSide": "#00000000",
      "RadiusGauge21_Path19": "#B3000000",
      "RadiusGauge21_Path21": "#FF000000",
      "RadiusGauge21_Path_1": {
        "t": "l",
        "x1": "0",
        "y1": "0.5",
        "x2": "1",
        "y2": "0.5",
        "stops": [
          {
            "color": "#E5323232",
            "offset": "0"
          },
          {
            "color": "#E5000000",
            "offset": "1"
          }
        ]
      },
      "RadiusGauge21_add01": "#00FFFFFF",
      "RadiusGauge21_Path_21": "#99000000",
      "RadiusGauge21_yellow": {
        "t": "l",
        "x1": "0.998991012573242",
        "y1": "0.5",
        "x2": "-0.0611758008599281",
        "y2": "0.5",
        "stops": [
          {
            "color": "#FFD86C00",
            "offset": "0"
          },
          {
            "color": "#FFFFFF00",
            "offset": "1"
          }
        ]
      },
      "RadiusGauge21_green": {
        "t": "l",
        "x1": "0.998991012573242",
        "y1": "0.5",
        "x2": "-0.0611758008599281",
        "y2": "0.5",
        "stops": [
          {
            "color": "#FF007008",
            "offset": "0"
          },
          {
            "color": "#FF35FF00",
            "offset": "1"
          }
        ]
      },
      "RadiusGauge21_red": {
        "t": "l",
        "x1": "0.998991012573242",
        "y1": "0.5",
        "x2": "-0.0611758008599281",
        "y2": "0.5",
        "stops": [
          {
            "color": "#FF700000",
            "offset": "0"
          },
          {
            "color": "#FFFF4242",
            "offset": "1"
          }
        ]
      },
      "RadiusGauge21_Caption": "#FFFFFFFF",
      "RadiusGauge21_Number": "#FFFFFFFF",
      "RadiusGauge21_Value": "#FFFFFFFF"
    },
    "Gauge-RadiusGauge22": {
      "RadiusGauge22_Background": "#FF000000",
      "RadiusGauge22_Path": {
        "t": "l",
        "x1": "0.5",
        "y1": "0.0072996998205781",
        "x2": "0.5",
        "y2": "0.985399007797241",
        "stops": [
          {
            "color": "#FF000000",
            "offset": "0"
          },
          {
            "color": "#FF004FCC",
            "offset": "0.230768993496895"
          },
          {
            "color": "#FF000000",
            "offset": "1"
          }
        ]
      },
      "RadiusGauge22_Rectangle21": "#BF000000",
      "RadiusGauge22_Rectangle22": "#FF000000",
      "RadiusGauge22_TitleSide": "#00000000",
      "RadiusGauge22_Rectangle00": "#33000000",
      "RadiusGauge22_Rectangle01": "#34000000",
      "RadiusGauge22_Rectangle_1": "#FF000000",
      "RadiusGauge22_Black": "#99000000",
      "RadiusGauge22_Path_21": "#99000000",
      "RadiusGauge22_yellow": {
        "t": "l",
        "x1": "0.998991012573242",
        "y1": "0.5",
        "x2": "-0.0611758008599281",
        "y2": "0.5",
        "stops": [
          {
            "color": "#FFD86C00",
            "offset": "0"
          },
          {
            "color": "#FFFFFF00",
            "offset": "1"
          }
        ]
      },
      "RadiusGauge22_green": {
        "t": "l",
        "x1": "0.998991012573242",
        "y1": "0.5",
        "x2": "-0.0611758008599281",
        "y2": "0.5",
        "stops": [
          {
            "color": "#FF007008",
            "offset": "0"
          },
          {
            "color": "#FF35FF00",
            "offset": "1"
          }
        ]
      },
      "RadiusGauge22_red": {
        "t": "l",
        "x1": "0.998991012573242",
        "y1": "0.5",
        "x2": "-0.0611758008599281",
        "y2": "0.5",
        "stops": [
          {
            "color": "#FF700000",
            "offset": "0"
          },
          {
            "color": "#FFFF4242",
            "offset": "1"
          }
        ]
      },
      "RadiusGauge22_Caption": "#FFFFFFFF",
      "RadiusGauge22_Number": "#FFFFFFFF",
      "RadiusGauge22_Value": "#FFFFFFFF"
    },
    "Gauge-RadiusGauge23": {
      "RadiusGauge23_Path32": {
        "t": "l",
        "x1": "0.5",
        "y1": "0.989794015884399",
        "x2": "0.5",
        "y2": "-1.21831999422284E-06",
        "stops": [
          {
            "color": "#FF323232",
            "offset": "0"
          },
          {
            "color": "#FF000000",
            "offset": "1"
          }
        ]
      },
      "RadiusGauge23_Brush_Blue": {
        "t": "l",
        "x1": "0.5",
        "y1": "0.00284949992783368",
        "x2": "0.5",
        "y2": "1.00001001358032",
        "stops": [
          {
            "color": "#FF004FCC",
            "offset": "0"
          },
          {
            "color": "#FF000000",
            "offset": "1"
          }
        ]
      },
      "RadiusGauge23_Path31": "#FF000000",
      "RadiusGauge23_Base3": "#FF000000",
      "RadiusGauge23_yellow": {
        "t": "l",
        "x1": "0.998991012573242",
        "y1": "0.5",
        "x2": "-0.0611758008599281",
        "y2": "0.5",
        "stops": [
          {
            "color": "#FFD86C00",
            "offset": "0"
          },
          {
            "color": "#FFFFFF00",
            "offset": "1"
          }
        ]
      },
      "RadiusGauge23_green": {
        "t": "l",
        "x1": "0.998991012573242",
        "y1": "0.5",
        "x2": "-0.0611758008599281",
        "y2": "0.5",
        "stops": [
          {
            "color": "#FF007008",
            "offset": "0"
          },
          {
            "color": "#FF35FF00",
            "offset": "1"
          }
        ]
      },
      "RadiusGauge23_red": {
        "t": "l",
        "x1": "0.998991012573242",
        "y1": "0.5",
        "x2": "-0.0611758008599281",
        "y2": "0.5",
        "stops": [
          {
            "color": "#FF700000",
            "offset": "0"
          },
          {
            "color": "#FFFF4242",
            "offset": "1"
          }
        ]
      },
      "RadiusGauge23_Caption": "#FFFFFFFF",
      "RadiusGauge23_Number": "#FFFFFFFF",
      "RadiusGauge23_Value": "#FFFFFFFF"
    },
    "Gauge-RadiusGauge24": {
      "RadiusGauge24_Ellipse41": {
        "t": "l",
        "x1": "0",
        "y1": "0.5",
        "x2": "1",
        "y2": "0.5",
        "stops": [
          {
            "color": "#FFFFFFFF",
            "offset": "0"
          },
          {
            "color": "#FF808080",
            "offset": "1"
          }
        ]
      },
      "RadiusGauge24_Path41": "#FF000000",
      "RadiusGauge24_Path42": {
        "t": "l",
        "x1": "0.499998986721039",
        "y1": "-0.00933681987226009",
        "x2": "0.499998986721039",
        "y2": "0.99066299200058",
        "stops": [
          {
            "color": "#FF004FCC",
            "offset": "0"
          },
          {
            "color": "#FF000000",
            "offset": "1"
          }
        ]
      },
      "RadiusGauge24_Path43": "#FF000000",
      "RadiusGauge24_Path45": {
        "t": "l",
        "x1": "0.5",
        "y1": "-0.49099999666214",
        "x2": "0.5",
        "y2": "1.51499998569489",
        "stops": [
          {
            "color": "#FF000000",
            "offset": "0"
          },
          {
            "color": "#FF333333",
            "offset": "0.210328996181488"
          },
          {
            "color": "#FF666666",
            "offset": "0.24175800383091"
          },
          {
            "color": "#FF333333",
            "offset": "0.384615004062653"
          },
          {
            "color": "#FF000000",
            "offset": "1"
          }
        ]
      },
      "RadiusGauge24_Path46": {
        "t": "l",
        "x1": "0.499985992908478",
        "y1": "0",
        "x2": "0.499989002943039",
        "y2": "1",
        "stops": [
          {
            "color": "#FF808080",
            "offset": "0"
          },
          {
            "color": "#FF333333",
            "offset": "1"
          }
        ]
      },
      "RadiusGauge24_add41": "#00000000",
      "RadiusGauge24_add42": "#00000000",
      "RadiusGauge24_yellow": {
        "t": "l",
        "x1": "0.998991012573242",
        "y1": "0.5",
        "x2": "-0.0611758008599281",
        "y2": "0.5",
        "stops": [
          {
            "color": "#FFD86C00",
            "offset": "0"
          },
          {
            "color": "#FFFFFF00",
            "offset": "1"
          }
        ]
      },
      "RadiusGauge24_green": {
        "t": "l",
        "x1": "0.998991012573242",
        "y1": "0.5",
        "x2": "-0.0611758008599281",
        "y2": "0.5",
        "stops": [
          {
            "color": "#FF007008",
            "offset": "0"
          },
          {
            "color": "#FF35FF00",
            "offset": "1"
          }
        ]
      },
      "RadiusGauge24_red": {
        "t": "l",
        "x1": "0.998991012573242",
        "y1": "0.5",
        "x2": "-0.0611758008599281",
        "y2": "0.5",
        "stops": [
          {
            "color": "#FF700000",
            "offset": "0"
          },
          {
            "color": "#FFFF4242",
            "offset": "1"
          }
        ]
      },
      "RadiusGauge24_Caption": "#FFFFFFFF",
      "RadiusGauge24_Number": "#FFFFFFFF",
      "RadiusGauge24_Value": "#FFFFFFFF"
    },
    "Gauge-RadiusGauge25": {
      "RadiusGauge25_Path52": {
        "t": "l",
        "x1": "0.5",
        "y1": "-0.00367558002471924",
        "x2": "0.5",
        "y2": "1",
        "stops": [
          {
            "color": "#FF323232",
            "offset": "0"
          },
          {
            "color": "#FF000000",
            "offset": "1"
          }
        ]
      },
      "RadiusGauge25_Path51": {
        "t": "l",
        "x1": "0.5",
        "y1": "0.025645200163126",
        "x2": "0.5",
        "y2": "0.974358022212982",
        "stops": [
          {
            "color": "#FF02245A",
            "offset": "0"
          },
          {
            "color": "#FF000000",
            "offset": "1"
          }
        ]
      },
      "RadiusGauge25_Path41": "#FF000000",
      "RadiusGauge25_yellow": {
        "t": "l",
        "x1": "0.998991012573242",
        "y1": "0.5",
        "x2": "-0.0611758008599281",
        "y2": "0.5",
        "stops": [
          {
            "color": "#FFD86C00",
            "offset": "0"
          },
          {
            "color": "#FFFFFF00",
            "offset": "1"
          }
        ]
      },
      "RadiusGauge25_green": {
        "t": "l",
        "x1": "0.998991012573242",
        "y1": "0.5",
        "x2": "-0.0611758008599281",
        "y2": "0.5",
        "stops": [
          {
            "color": "#FF007008",
            "offset": "0"
          },
          {
            "color": "#FF35FF00",
            "offset": "1"
          }
        ]
      },
      "RadiusGauge25_red": {
        "t": "l",
        "x1": "0.998991012573242",
        "y1": "0.5",
        "x2": "-0.0611758008599281",
        "y2": "0.5",
        "stops": [
          {
            "color": "#FF700000",
            "offset": "0"
          },
          {
            "color": "#FFFF4242",
            "offset": "1"
          }
        ]
      },
      "RadiusGauge25_Caption": "#FFFFFFFF",
      "RadiusGauge25_Number": "#FFFFFFFF",
      "RadiusGauge25_Value": "#FFFFFFFF"
    },
    "Gauge-RadiusGauge26": {
      "RadiusGauge26_green": "#FF72D25B",
      "RadiusGauge26_yellow": "#FFFFE100",
      "RadiusGauge26_red": "#FFFF0000",
      "RadiusGauge26_wbg61": "#FF191919",
      "RadiusGauge26_Path_354": {
        "t": "l",
        "x1": "0.500001013278961",
        "y1": "1.3043999671936",
        "x2": "0.500001013278961",
        "y2": "0.324203014373779",
        "stops": [
          {
            "color": "#FF7C7C7C",
            "offset": "0"
          },
          {
            "color": "#FF221714",
            "offset": "1"
          }
        ]
      },
      "RadiusGauge26_Path_374": {
        "t": "l",
        "x1": "0.355500996112823",
        "y1": "0.737847983837128",
        "x2": "1.11491000652313",
        "y2": "0.737847983837128",
        "stops": [
          {
            "color": "#FFFFFFFF",
            "offset": "0"
          },
          {
            "color": "#FFAAAAAA",
            "offset": "1"
          }
        ]
      },
      "RadiusGauge26_Caption": "#FFFFFFFF",
      "RadiusGauge26_Number": "#FFFFFFFF",
      "RadiusGauge26_Value": "#FFFFFFFF"
    },
    "Gauge-RadiusGauge27": {
      "RadiusGauge27_green": "#FF72D25B",
      "RadiusGauge27_yellow": "#FFFFE100",
      "RadiusGauge27_red": "#FFFF0000",
      "RadiusGauge27_Path_385": {
        "t": "l",
        "x1": "0.499996989965439",
        "y1": "1.15810000896454",
        "x2": "0.499996989965439",
        "y2": "0.491302013397217",
        "stops": [
          {
            "color": "#FF7C7C7C",
            "offset": "0"
          },
          {
            "color": "#FF221714",
            "offset": "1"
          }
        ]
      },
      "RadiusGauge27_Path_354": {
        "t": "l",
        "x1": "0.500001013278961",
        "y1": "1.3043999671936",
        "x2": "0.500001013278961",
        "y2": "0.324203014373779",
        "stops": [
          {
            "color": "#FF7C7C7C",
            "offset": "0"
          },
          {
            "color": "#FF221714",
            "offset": "1"
          }
        ]
      },
      "RadiusGauge27_Caption": "#FFFFFFFF",
      "RadiusGauge27_Number": "#FFFFFFFF",
      "RadiusGauge27_Value": "#FFFFFFFF"
    },
    "Gauge-RadiusGauge28": {
      "RadiusGauge28_BorderBrush": "#FFA0A0A0",
      "RadiusGauge28_Background": "#7FFFFFFF",
      "RadiusGauge28_BorderBrush2": "#FFA0A0A0",
      "RadiusGauge28_Background2": "#FFA0A0A0",
      "RadiusGauge28_Rectangle1": {
        "t": "l",
        "x1": "0.5",
        "y1": "0",
        "x2": "0.5",
        "y2": "1",
        "stops": [
          {
            "color": "#FFFFFFFF",
            "offset": "0"
          },
          {
            "color": "#FFE0E0E0",
            "offset": "0.300000011920929"
          },
          {
            "color": "#FFC8C8C8",
            "offset": "0.449999988079071"
          },
          {
            "color": "#FFFFFFFF",
            "offset": "1"
          }
        ]
      },
      "RadiusGauge28_Rectangle4": {
        "t": "l",
        "x1": "0.5",
        "y1": "0",
        "x2": "0.5",
        "y2": "1",
        "stops": [
          {
            "color": "#00000000",
            "offset": "0.45"
          },
          {
            "color": "#00000000",
            "offset": "1"
          }
        ]
      },
      "RadiusGauge28_yellow": "#FFFFFF00",
      "RadiusGauge28_green": "#FF35FF00",
      "RadiusGauge28_red": "#FFFF0000",
      "RadiusGauge28_Caption": "#FF000000",
      "RadiusGauge28_Value": "#FF000000"
    },
    "gaugeFolder": {
      "RadiusGauge20_red": "",
      "RadiusGauge20_yellow": "",
      "RadiusGauge20_green": "",
      "RadiusGauge20_1_red": "#ff5455",
      "RadiusGauge20_1_yellow": "#FFD253",
      "RadiusGauge20_1_green": "#6dc7b9"
    },
    "pageBackground": {
      "backgroundKind": 2,
      "backgroundColor": "linear-gradient(180deg,rgba(0, 0, 0, 1) 0.00%,rgba(27, 79, 153, 1) 76.00%,rgba(0, 0, 0, 1) 100.00%)"
    },
    "gaugeStyle": 0,
    "Map": {
      "MapNote_red": "#FFFF0000",
      "MapNote_yellow": "#FFFF9600",
      "MapNote_green": "#FF27CB07"
    },
    "comboBox": {
      "dev-combobox-input_background": "rgba(255,255,255,1)",
      "dev-combobox-text_background": "rgba(255,255,255,1)",
      "dev-combobox-input_color": "rgba(0,0,0,1)",
      "dev-combobox-element_color": "rgba(0,0,0,1)"
    },
    "dataGrid": {
      "dev-datagrid-oddrow_color": "rgba(255,255,255,1)",
      "dev-datagrid-evenrow_color": "rgba(255,255,255,1)",
      "dev-datagrid-oddrow_background": "rgba(0,0,0,0.803921568627451)",
      "dev-datagrid-evenrow_background": "rgba(0,0,0,0.6)",
      "dev-datagrid-element_background": "#1e5799;\nbackground: -moz-linear-gradient(0deg,rgba(6,23,47,1) 0.00%,rgba(23,72,140,1) 34.20%,rgba(3,13,28,1) 100.00%);\nbackground: -webkit-gradient(linear, 50.00% 0.00%, 50.00% 100.00%,color-stop(1,rgba(3,13,28,1) ),color-stop(0,rgba(6,23,47,1) ),color-stop(0.342000007629395,rgba(23,72,140,1) ));\nbackground: -webkit-linear-gradient(180deg,rgba(6,23,47,1) 0.00%,rgba(23,72,140,1) 34.20%,rgba(3,13,28,1) 100.00%);\nbackground: -o-linear-gradient(180deg,rgba(6,23,47,1) 0.00%,rgba(23,72,140,1) 34.20%,rgba(3,13,28,1) 100.00%);\nbackground: -ms-linear-gradient(180deg,rgba(6,23,47,1) 0.00%,rgba(23,72,140,1) 34.20%,rgba(3,13,28,1) 100.00%);\nbackground: linear-gradient(180deg,rgba(6,23,47,1) 0.00%,rgba(23,72,140,1) 34.20%,rgba(3,13,28,1) 100.00%);",
      "dev-datagrid-headercell_color": "rgba(255,255,0,1)",
      "dev-datagrid-headercell_background": "rgba(0,0,0,1)",
      "dev-datagrid-headercell_border-color": "rgba(122,122,122,1)",
      "dev-datagrid-selected_background": "rgba(211,211,211,0.4)"
    },
    "groupBox": {
      "dev-groupbox-legendtext_color": "rgba(0,255,249,1)",
      "dev-groupbox-element_border-color": "rgba(0,0,0,1)",
      "dev-groupbox-legend_border-color": "rgba(0,0,0,0)",
      "dev-groupbox-legend_background": "rgba(0,0,0,0.2)",
      "dev-groupbox-element_background": "#1e5799;\nbackground: -moz-linear-gradient(0deg,rgba(0,0,0,1) 0.00%,rgba(0,79,204,1) 23.08%,rgba(0,0,0,1) 100.00%);\nbackground: -webkit-gradient(linear, 50.00% 0.73%, 50.00% 98.54%,color-stop(0,rgba(0,0,0,1) ),color-stop(0.230768993496895,rgba(0,79,204,1) ),color-stop(1,rgba(0,0,0,1) ));\nbackground: -webkit-linear-gradient(180deg,rgba(0,0,0,1) 0.00%,rgba(0,79,204,1) 23.08%,rgba(0,0,0,1) 100.00%);\nbackground: -o-linear-gradient(180deg,rgba(0,0,0,1) 0.00%,rgba(0,79,204,1) 23.08%,rgba(0,0,0,1) 100.00%);\nbackground: -ms-linear-gradient(180deg,rgba(0,0,0,1) 0.00%,rgba(0,79,204,1) 23.08%,rgba(0,0,0,1) 100.00%);\nbackground: linear-gradient(180deg,rgba(0,0,0,1) 0.00%,rgba(0,79,204,1) 23.08%,rgba(0,0,0,1) 100.00%);"
    },
    "hyperLinkButton": {
      "dev-hyperLinkButton-background_background": "rgba(255,255,255,0)",
      "dev-hyperLinkButton-fontColor_color": "rgba(115,169,216,1)"
    },
    "label": {
      "dev-label-element_background": "rgba(255,255,255,1)",
      "dev-label-text_color": "rgba(0,0,0,1)"
    },
    "tabControl": {
      "dev-tabs-content_background": "rgba(255,255,255,1)"
    },
    "textBox": {
      "dev-textbox-input_background": "rgba(255,255,255,1)",
      "dev-textbox-text_background": "rgba(255,255,255,1)",
      "dev-textbox-text_border-color": "rgba(0,0,0,1)",
      "dev-textbox-input_border-color": "rgba(0,0,0,1)",
      "dev-textbox-element_color": "rgba(0,0,0,1)",
      "dev-textbox-input_color": "rgba(0,0,0,1)"
    },
    "slider": {
      "dev-slider-element_color": "rgba(255,255,255,1)"
    }
  }

}