﻿{
  "_id": "j4ab8823-8e7b-44ee-bcfa-025cd489f410",
  "_ind_": 12,
  "caption": "technologyStyle",
  "property": {
    "Chart": {
      "Chart_Background": "#000000",
      "Chart_Title_FontColor": "#ffffff",
      "Chart_Legend_FontColor": "#ffffff",
      "Chart_Legend_BorderColor": "rgba(255, 255, 255, 0.01)",
      "Chart_Legend_Background": "rgba(255, 255, 255, 0.01)",
      "Chart_ToolTip_Background": "rgba(255, 255, 255, 0.05)",
      "Chart_ToolTip_FontColor": "#5290e9",
      "Chart_Label_FontColor": "#242424",
      "Chart_Label_LineColor": "#5290e9",
      "Chart_AxisX_TitleFontColor": "#ffffff",
      "Chart_AxisX_FontColor": "#ffffff",
      "Chart_AxisX_LineColor": "#ffffff",
      "Chart_AxisX_MajorGrid_LineColor": "#d3d3d3",
      "Chart_AxisX_MajorTick_LineColor": "#ffffff",
      "Chart_AxisY_TitleFontColor": "#ffffff",
      "Chart_AxisY_FontColor": "#ffffff",
      "Chart_AxisY_LineColor": "#ffffff",
      "Chart_AxisY_MajorGrid_LineColor": "#d3d3d3",
      "Chart_AxisY_MajorTick_LineColor": "#ffffff",
      "Chart_FocusColor":"#66CCCCCC",
      "Chart_SelectColor":"#FFFF0000",
      "Chart_ColorSet_Color1": "#02CDFD",
      "Chart_ColorSet_Color2": "#EE0977",
      "Chart_ColorSet_Color3": "#7f15db",
      "Chart_ColorSet_Color4": "#F1D540",
      "Chart_ColorSet_Color5": "#1bdeb7",
      "Chart_ColorSet_Color6": "#f26b34",
      "Chart_ColorSet_Color7": "#e6e6e6",
      "Chart_ColorSet_Color8": "#cad459",
      "Chart_ColorSet_Color9": "#61999e",
      "Chart_ColorSet_Color10": "#f0093f",
      "Chart_ColorSet_Color11": "#6b5da3",
      "Chart_ColorSet_Color12": "#f0c243",
      "Chart_ColorSet_Color13": "#f5ff33",
      "Chart_ColorSet_Color14": "#8f856e",
      "Chart_ColorSet_Color15": "#42c5cc",
      "Chart_ColorSet_Color16": "#e2ad6d",
      "Chart_ToolTip_BorderColor": "rgba(255, 255, 255, 0.01)"
    },
    "Gauge-RadiusGauge21": {
      "RadiusGauge21_Background": "#FF000000",
      "RadiusGauge21_Path": {
        "t": "l",
        "x1": "0.5",
        "y1": "0.0072996998205781",
        "x2": "0.5",
        "y2": "0.985399007797241",
        "stops": [
          {
            "color": "#FF000000",
            "offset": "0"
          },
          {
            "color": "#FF004FCC",
            "offset": "0.230768993496895"
          },
          {
            "color": "#FF000000",
            "offset": "1"
          }
        ]
      },
      "RadiusGauge21_Rectangle00": "#33000000",
      "RadiusGauge21_Rectangle01": "#34000000",
      "RadiusGauge21_TitleSide": "#00000000",
      "RadiusGauge21_Path19": "#B3000000",
      "RadiusGauge21_Path21": "#FF000000",
      "RadiusGauge21_add01": "#00FFFFFF",
      "RadiusGauge21_yellow": {
        "t": "l",
        "x1": "0.998991012573242",
        "y1": "0.5",
        "x2": "-0.0611758008599281",
        "y2": "0.5",
        "stops": [
          {
            "color": "#FFD86C00",
            "offset": "0"
          },
          {
            "color": "#FFFFFF00",
            "offset": "1"
          }
        ]
      },
      "RadiusGauge21_green": {
        "t": "l",
        "x1": "0.998991012573242",
        "y1": "0.5",
        "x2": "-0.0611758008599281",
        "y2": "0.5",
        "stops": [
          {
            "color": "#FF007008",
            "offset": "0"
          },
          {
            "color": "#FF35FF00",
            "offset": "1"
          }
        ]
      },
      "RadiusGauge21_red": {
        "t": "l",
        "x1": "0.998991012573242",
        "y1": "0.5",
        "x2": "-0.0611758008599281",
        "y2": "0.5",
        "stops": [
          {
            "color": "#FF700000",
            "offset": "0"
          },
          {
            "color": "#FFFF4242",
            "offset": "1"
          }
        ]
      },
      "RadiusGauge21_Caption": "#FFFFFFFF",
      "RadiusGauge21_Number": "#FFFFFFFF",
      "RadiusGauge21_Value": "#FFFFFFFF",
      "RadiusGauge21_Path_1": {
        "t": "l",
        "x1": "0",
        "y1": "0.5",
        "x2": "1",
        "y2": "0.5",
        "stops": [
          {
            "color": "#E5323232",
            "offset": "0"
          },
          {
            "color": "#E5000000",
            "offset": "1"
          }
        ]
      },
      "RadiusGauge21_Path_21": "#99000000",
      "RadiusGauge21_Rectangle_1": "#FF000000",
      "RadiusGauge21_1_Color-Circle": "#5c5c5c",
      "RadiusGauge21_1_path": "#5c5c5c",
      "RadiusGauge21_1_Caption": "#ffffff",
      "RadiusGauge21_1_Value": "#ffffff",
      "RadiusGauge21_1_Number": "#ffffff",
      "RadiusGauge21_1_half": "#27282c",
      "RadiusGauge21_1_border": "#5c5c5c"
    },
    "Gauge-RadiusGauge22": {
      "RadiusGauge22_Background": "#FF000000",
      "RadiusGauge22_Path": {
        "t": "l",
        "x1": "0.5",
        "y1": "0.0072996998205781",
        "x2": "0.5",
        "y2": "0.985399007797241",
        "stops": [
          {
            "color": "#FF000000",
            "offset": "0"
          },
          {
            "color": "#FF004FCC",
            "offset": "0.230768993496895"
          },
          {
            "color": "#FF000000",
            "offset": "1"
          }
        ]
      },
      "RadiusGauge22_Rectangle21": "#BF000000",
      "RadiusGauge22_Rectangle22": "#FF000000",
      "RadiusGauge22_TitleSide": "#00000000",
      "RadiusGauge22_Rectangle00": "#33000000",
      "RadiusGauge22_Rectangle01": "#34000000",
      "RadiusGauge22_Rectangle_1": "#FF000000",
      "RadiusGauge22_Path_21": "#99000000",
      "RadiusGauge22_Black": "#99000000",
      "RadiusGauge22_yellow": {
        "t": "l",
        "x1": "0.998991012573242",
        "y1": "0.5",
        "x2": "-0.0611758008599281",
        "y2": "0.5",
        "stops": [
          {
            "color": "#FFD86C00",
            "offset": "0"
          },
          {
            "color": "#FFFFFF00",
            "offset": "1"
          }
        ]
      },
      "RadiusGauge22_green": {
        "t": "l",
        "x1": "0.998991012573242",
        "y1": "0.5",
        "x2": "-0.0611758008599281",
        "y2": "0.5",
        "stops": [
          {
            "color": "#FF007008",
            "offset": "0"
          },
          {
            "color": "#FF35FF00",
            "offset": "1"
          }
        ]
      },
      "RadiusGauge22_red": {
        "t": "l",
        "x1": "0.998991012573242",
        "y1": "0.5",
        "x2": "-0.0611758008599281",
        "y2": "0.5",
        "stops": [
          {
            "color": "#FF700000",
            "offset": "0"
          },
          {
            "color": "#FFFF4242",
            "offset": "1"
          }
        ]
      },
      "RadiusGauge22_Caption": "#FFFFFFFF",
      "RadiusGauge22_Number": "#FFFFFFFF",
      "RadiusGauge22_Value": "#FFFFFFFF",
      "RadiusGauge22_1_Background": "#292929",
      "RadiusGauge22_1_Border1": "#5c5c5c",
      "RadiusGauge22_1_Value": "#ffffff",
      "RadiusGauge22_1_Number": "#ffffff",
      "RadiusGauge22_1_Caption": "#ffffff"
    },
    "Gauge-RadiusGauge23": {
      "RadiusGauge23_Path32": {
        "t": "l",
        "x1": "0.5",
        "y1": "0.989794015884399",
        "x2": "0.5",
        "y2": "-1.21831999422284E-06",
        "stops": [
          {
            "color": "#FF323232",
            "offset": "0"
          },
          {
            "color": "#FF000000",
            "offset": "1"
          }
        ]
      },
      "RadiusGauge23_Path31": "#FF000000",
      "RadiusGauge23_Base3": "#FF000000",
      "RadiusGauge23_yellow": {
        "t": "l",
        "x1": "0.998991012573242",
        "y1": "0.5",
        "x2": "-0.0611758008599281",
        "y2": "0.5",
        "stops": [
          {
            "color": "#FFD86C00",
            "offset": "0"
          },
          {
            "color": "#FFFFFF00",
            "offset": "1"
          }
        ]
      },
      "RadiusGauge23_green": {
        "t": "l",
        "x1": "0.998991012573242",
        "y1": "0.5",
        "x2": "-0.0611758008599281",
        "y2": "0.5",
        "stops": [
          {
            "color": "#FF007008",
            "offset": "0"
          },
          {
            "color": "#FF35FF00",
            "offset": "1"
          }
        ]
      },
      "RadiusGauge23_red": {
        "t": "l",
        "x1": "0.998991012573242",
        "y1": "0.5",
        "x2": "-0.0611758008599281",
        "y2": "0.5",
        "stops": [
          {
            "color": "#FF700000",
            "offset": "0"
          },
          {
            "color": "#FFFF4242",
            "offset": "1"
          }
        ]
      },
      "RadiusGauge23_Caption": "#FFFFFFFF",
      "RadiusGauge23_Number": "#FFFFFFFF",
      "RadiusGauge23_Value": "#FFFFFFFF",
      "RadiusGauge23_Brush_Blue": {
        "t": "l",
        "x1": "0.5",
        "y1": "0.00284949992783368",
        "x2": "0.5",
        "y2": "1.00001001358032",
        "stops": [
          {
            "color": "#FF004FCC",
            "offset": "0"
          },
          {
            "color": "#FF000000",
            "offset": "1"
          }
        ]
      },
      "RadiusGauge23_1_Circle1": "#5c5c5c",
      "RadiusGauge23_1_Border1": "#27282c",
      "RadiusGauge23_1_Circle2": "#ffffff",
      "RadiusGauge23_1_Caption": "#ffffff",
      "RadiusGauge23_1_Value": "#ffffff",
      "RadiusGauge23_1_Number": "#ffffff",
      "RadiusGauge23_1_square": "#000000",
      "RadiusGauge23_1_border1": "#5c5c5c"
    },
    "Gauge-RadiusGauge24": {
      "RadiusGauge24_Ellipse41": {
        "t": "l",
        "x1": "0",
        "y1": "0.5",
        "x2": "1",
        "y2": "0.5",
        "stops": [
          {
            "color": "#FFFFFFFF",
            "offset": "0"
          },
          {
            "color": "#FF808080",
            "offset": "1"
          }
        ]
      },
      "RadiusGauge24_Path41": "#FF000000",
      "RadiusGauge24_Path42": {
        "t": "l",
        "x1": "0.499998986721039",
        "y1": "-0.00933681987226009",
        "x2": "0.499998986721039",
        "y2": "0.99066299200058",
        "stops": [
          {
            "color": "#FF004FCC",
            "offset": "0"
          },
          {
            "color": "#FF000000",
            "offset": "1"
          }
        ]
      },
      "RadiusGauge24_Path43": "#FF000000",
      "RadiusGauge24_Path45": {
        "t": "l",
        "x1": "0.5",
        "y1": "-0.49099999666214",
        "x2": "0.5",
        "y2": "1.51499998569489",
        "stops": [
          {
            "color": "#FF000000",
            "offset": "0"
          },
          {
            "color": "#FF333333",
            "offset": "0.210328996181488"
          },
          {
            "color": "#FF666666",
            "offset": "0.24175800383091"
          },
          {
            "color": "#FF333333",
            "offset": "0.384615004062653"
          },
          {
            "color": "#FF000000",
            "offset": "1"
          }
        ]
      },
      "RadiusGauge24_Path46": {
        "t": "l",
        "x1": "0.499985992908478",
        "y1": "0",
        "x2": "0.499989002943039",
        "y2": "1",
        "stops": [
          {
            "color": "#FF808080",
            "offset": "0"
          },
          {
            "color": "#FF333333",
            "offset": "1"
          }
        ]
      },
      "RadiusGauge24_add41": "#00000000",
      "RadiusGauge24_add42": "#00000000",
      "RadiusGauge24_yellow": {
        "t": "l",
        "x1": "0.998991012573242",
        "y1": "0.5",
        "x2": "-0.0611758008599281",
        "y2": "0.5",
        "stops": [
          {
            "color": "#FFD86C00",
            "offset": "0"
          },
          {
            "color": "#FFFFFF00",
            "offset": "1"
          }
        ]
      },
      "RadiusGauge24_green": {
        "t": "l",
        "x1": "0.998991012573242",
        "y1": "0.5",
        "x2": "-0.0611758008599281",
        "y2": "0.5",
        "stops": [
          {
            "color": "#FF007008",
            "offset": "0"
          },
          {
            "color": "#FF35FF00",
            "offset": "1"
          }
        ]
      },
      "RadiusGauge24_red": {
        "t": "l",
        "x1": "0.998991012573242",
        "y1": "0.5",
        "x2": "-0.0611758008599281",
        "y2": "0.5",
        "stops": [
          {
            "color": "#FF700000",
            "offset": "0"
          },
          {
            "color": "#FFFF4242",
            "offset": "1"
          }
        ]
      },
      "RadiusGauge24_Caption": "#FFFFFFFF",
      "RadiusGauge24_Number": "#FFFFFFFF",
      "RadiusGauge24_Value": "#FFFFFFFF",
      "RadiusGauge24_1_Border1": "#5c5c5c",
      "RadiusGauge24_1_half": "#27282c",
      "RadiusGauge24_1_Caption": "#ffffff",
      "RadiusGauge24_1_Value": "#ffffff",
      "RadiusGauge24_1_Border2": "#ffffff",
      "RadiusGauge24_1_Number": "#ffffff"
    },
    "Gauge-RadiusGauge25": {
      "RadiusGauge25_Path52": {
        "t": "l",
        "x1": "0.5",
        "y1": "-0.00367558002471924",
        "x2": "0.5",
        "y2": "1",
        "stops": [
          {
            "color": "#FF323232",
            "offset": "0"
          },
          {
            "color": "#FF000000",
            "offset": "1"
          }
        ]
      },
      "RadiusGauge25_Path51": {
        "t": "l",
        "x1": "0.5",
        "y1": "0.025645200163126",
        "x2": "0.5",
        "y2": "0.974358022212982",
        "stops": [
          {
            "color": "#FF02245A",
            "offset": "0"
          },
          {
            "color": "#FF000000",
            "offset": "1"
          }
        ]
      },
      "RadiusGauge25_Path41": "#FF000000",
      "RadiusGauge25_yellow": {
        "t": "l",
        "x1": "0.998991012573242",
        "y1": "0.5",
        "x2": "-0.0611758008599281",
        "y2": "0.5",
        "stops": [
          {
            "color": "#FFD86C00",
            "offset": "0"
          },
          {
            "color": "#FFFFFF00",
            "offset": "1"
          }
        ]
      },
      "RadiusGauge25_green": {
        "t": "l",
        "x1": "0.998991012573242",
        "y1": "0.5",
        "x2": "-0.0611758008599281",
        "y2": "0.5",
        "stops": [
          {
            "color": "#FF007008",
            "offset": "0"
          },
          {
            "color": "#FF35FF00",
            "offset": "1"
          }
        ]
      },
      "RadiusGauge25_red": {
        "t": "l",
        "x1": "0.998991012573242",
        "y1": "0.5",
        "x2": "-0.0611758008599281",
        "y2": "0.5",
        "stops": [
          {
            "color": "#FF700000",
            "offset": "0"
          },
          {
            "color": "#FFFF4242",
            "offset": "1"
          }
        ]
      },
      "RadiusGauge25_Caption": "#FFFFFFFF",
      "RadiusGauge25_Number": "#FFFFFFFF",
      "RadiusGauge25_Value": "#FFFFFFFF",
      "RadiusGauge25_1_Circle1": "#5c5c5c",
      "RadiusGauge25_1_Circle2": "#292929",
      "RadiusGauge25_1_Color3": "#27282C",
      "RadiusGauge25_1_Circle3": "#5c5c5c",
      "RadiusGauge25_1_Caption": "#ffffff",
      "RadiusGauge25_1_Value": "#ffffff",
      "RadiusGauge25_1_Number": "#ffffff",
      "RadiusGauge25_1_Color2": "rgba(66, 66, 66, 0.05)"
    },
    "Gauge-RadiusGauge26": {
      "RadiusGauge26_green": "#FF72D25B",
      "RadiusGauge26_yellow": "#FFFFE100",
      "RadiusGauge26_red": "#FFFF0000",
      "RadiusGauge26_wbg61": "#FF191919",
      "RadiusGauge26_Caption": "#FFFFFFFF",
      "RadiusGauge26_Number": "#FFFFFFFF",
      "RadiusGauge26_Value": "#FFFFFFFF",
      "RadiusGauge26_Path_354": {
        "t": "l",
        "x1": "0.500001013278961",
        "y1": "1.3043999671936",
        "x2": "0.500001013278961",
        "y2": "0.324203014373779",
        "stops": [
          {
            "color": "#FF7C7C7C",
            "offset": "0"
          },
          {
            "color": "#FF221714",
            "offset": "1"
          }
        ]
      },
      "RadiusGauge26_Path_374": {
        "t": "l",
        "x1": "0.355500996112823",
        "y1": "0.737847983837128",
        "x2": "1.11491000652313",
        "y2": "0.737847983837128",
        "stops": [
          {
            "color": "#FFFFFFFF",
            "offset": "0"
          },
          {
            "color": "#FFAAAAAA",
            "offset": "1"
          }
        ]
      },
      "RadiusGauge26_1_Circle1": "#5c5c5c",
      "RadiusGauge26_1_Circle2": "#5c5c5c",
      "RadiusGauge26_1_Circle3": "#1f1e1e",
      "RadiusGauge26_1_Number": "#ffffff",
      "RadiusGauge26_1_Caption": "#ffffff",
      "RadiusGauge26_1_Value": "#ffffff"
    },
    "Gauge-RadiusGauge27": {
      "RadiusGauge27_green": "#FF72D25B",
      "RadiusGauge27_yellow": "#FFFFE100",
      "RadiusGauge27_red": "#FFFF0000",
      "RadiusGauge27_Caption": "#FFFFFFFF",
      "RadiusGauge27_Number": "#FFFFFFFF",
      "RadiusGauge27_Value": "#FFFFFFFF",
      "RadiusGauge27_Path_385": {
        "t": "l",
        "x1": "0.499996989965439",
        "y1": "1.15810000896454",
        "x2": "0.499996989965439",
        "y2": "0.491302013397217",
        "stops": [
          {
            "color": "#FF7C7C7C",
            "offset": "0"
          },
          {
            "color": "#FF221714",
            "offset": "1"
          }
        ]
      },
      "RadiusGauge27_Path_354": {
        "t": "l",
        "x1": "0.500001013278961",
        "y1": "1.3043999671936",
        "x2": "0.500001013278961",
        "y2": "0.324203014373779",
        "stops": [
          {
            "color": "#FF7C7C7C",
            "offset": "0"
          },
          {
            "color": "#FF221714",
            "offset": "1"
          }
        ]
      },
      "RadiusGauge27_1_Circle1": "#5c5c5c",
      "RadiusGauge27_1_Border1": "#545454",
      "RadiusGauge27_1_Needle1": "#ffffff",
      "RadiusGauge27_1_Circle2": "#333232",
      "RadiusGauge27_1_Caption": "#ffffff",
      "RadiusGauge27_1_Value": "#ffffff",
      "RadiusGauge27_1_Border2": "#a6a6a6",
      "RadiusGauge27_1_Number": "#ffffff"
    },
    "Gauge-RadiusGauge28": {
      "RadiusGauge28_BorderBrush": "#FFA0A0A0",
      "RadiusGauge28_Background": "#7FFFFFFF",
      "RadiusGauge28_BorderBrush2": "#FFA0A0A0",
      "RadiusGauge28_Background2": "#FFFFFFFF",
      "RadiusGauge28_Rectangle1": {
        "t": "l",
        "x1": "0.5",
        "y1": "0",
        "x2": "0.5",
        "y2": "1",
        "stops": [
          {
            "color": "#FFFFFFFF",
            "offset": "0"
          },
          {
            "color": "#FFE0E0E0",
            "offset": "0.300000011920929"
          },
          {
            "color": "#FFC8C8C8",
            "offset": "0.449999988079071"
          },
          {
            "color": "#FFFFFFFF",
            "offset": "1"
          }
        ]
      },
      "RadiusGauge28_Rectangle4": {
        "t": "l",
        "x1": "0.5",
        "y1": "0",
        "x2": "0.5",
        "y2": "1",
        "stops": [
          {
            "color": "#FFFFFFFF",
            "offset": 0
          },
          {
            "color": "#00000000",
            "offset": "0.45"
          },
          {
            "color": "#00000000",
            "offset": "1"
          }
        ]
      },
      "RadiusGauge28_yellow": "#FFFFFF00",
      "RadiusGauge28_green": "#FF35FF00",
      "RadiusGauge28_red": "#FFFF0000",
      "RadiusGauge28_Caption": "#FF000000",
      "RadiusGauge28_Value": "#FF000000",
      "RadiusGauge28_1_Border1": "#5c5c5c",
      "RadiusGauge28_1_Border2": "#5c5c5c",
      "RadiusGauge28_1_Separated": "#5c5c5c",
      "RadiusGauge28_1_Number": "#ffffff",
      "RadiusGauge28_1_Caption": "#ffffff",
      "RadiusGauge28_1_Value": "#ffffff",
      "RadiusGauge28_1_Color2": "#878787",
      "RadiusGauge28_1_backColor": "#858585"
    },
    "Gauge-SemiRadius1": {
      "SemiRadius1_Caption": "#FFFFFFFF",
      "SemiRadius1_Number": "#FFFFFFFF",
      "SemiRadius1_Value": "#FFFFFFFF",
      "SemiRadius1_Background": {
        "t": "l",
        "x1": "0",
        "y1": "0.5",
        "x2": "1",
        "y2": "0.5",
        "stops": [
          {
            "color": "#FF595959",
            "offset": "0"
          },
          {
            "color": "#FF323232",
            "offset": "1"
          }
        ]
      },
      "SemiRadius1_BottomBlock": {
        "t": "l",
        "x1": "-0.0394869",
        "y1": "0.5",
        "x2": "0.960513",
        "y2": "0.5",
        "stops": [
          {
            "color": "#FF595959",
            "offset": "0"
          },
          {
            "color": "#FF323232",
            "offset": "1"
          }
        ]
      },
      "SemiRadius1_InnerBorder": {
        "t": "l",
        "x1": "-5.84342e-008",
        "y1": "0.5",
        "x2": "1",
        "y2": "0.5",
        "stops": [
          {
            "color": "#FF595959",
            "offset": "0"
          },
          {
            "color": "#FF1E1E1E",
            "offset": "1"
          }
        ]
      },
      "SemiRadius1_Needle": {
        "t": "l",
        "x1": "0.315159",
        "y1": "0.343115",
        "x2": "1.12233",
        "y2": "0.343115",
        "stops": [
          {
            "color": "#FF595959",
            "offset": "0"
          },
          {
            "color": "#FF323232",
            "offset": "1"
          }
        ]
      },
      "SemiRadius1_BorderStroke": {
        "t": "l",
        "x1": "-6.05665e-008",
        "y1": "0.5",
        "x2": "1",
        "y2": "0.5",
        "stops": [
          {
            "color": "#FFB2B2B2",
            "offset": "0"
          },
          {
            "color": "#FF636363",
            "offset": "1"
          }
        ]
      },
      "SemiRadius1_BorderBackground": {
        "t": "l",
        "x1": "-6.1274e-008",
        "y1": "0.5",
        "x2": "1",
        "y2": "0.5",
        "stops": [
          {
            "color": "#FFD9D9D9",
            "offset": "0"
          },
          {
            "color": "#FFFFFFFF",
            "offset": "0.269663"
          },
          {
            "color": "#FF9C9C9C",
            "offset": "1"
          }
        ]
      },
      "SemiRadius1_1_Value": "#f5f5f5",
      "SemiRadius1_1_Caption": "#ffffff",
      "SemiRadius1_1_Number": "#ffffff",
      "SemiRadius1_1_Border1": "#5c5c5c",
      "SemiRadius1_1_Graduation": "#5c5c5c"
    },
    "Gauge-QuarterRadius1": {
      "QuarterRadius1_Caption": "#FFFFFFFF",
      "QuarterRadius1_Number": "#FFFFFFFF",
      "QuarterRadius1_Value": "#FFFFFFFF",
      "QuarterRadius1_Background": {
        "t": "l",
        "x1": "0",
        "y1": "0.5",
        "x2": "1",
        "y2": "0.5",
        "stops": [
          {
            "color": "#FF595959",
            "offset": "0"
          },
          {
            "color": "#FF323232",
            "offset": "1"
          }
        ]
      },
      "QuarterRadius1_BottomBlock": {
        "t": "l",
        "x1": "-0.0394869",
        "y1": "0.5",
        "x2": "0.960513",
        "y2": "0.5",
        "stops": [
          {
            "color": "#FF595959",
            "offset": "0"
          },
          {
            "color": "#FF323232",
            "offset": "1"
          }
        ]
      },
      "QuarterRadius1_InnerBorder": {
        "t": "l",
        "x1": "-5.84342e-008",
        "y1": "0.5",
        "x2": "1",
        "y2": "0.5",
        "stops": [
          {
            "color": "#FF595959",
            "offset": "0"
          },
          {
            "color": "#FF1E1E1E",
            "offset": "1"
          }
        ]
      },
      "QuarterRadius1_Needle": {
        "t": "l",
        "x1": "0.315159",
        "y1": "0.343115",
        "x2": "1.12233",
        "y2": "0.343115",
        "stops": [
          {
            "color": "#FF595959",
            "offset": "0"
          },
          {
            "color": "#FF323232",
            "offset": "1"
          }
        ]
      },
      "QuarterRadius1_BorderStroke": {
        "t": "l",
        "x1": "0",
        "y1": "0.5",
        "x2": "1",
        "y2": "0.5",
        "stops": [
          {
            "color": "#FFB2B2B2",
            "offset": "0"
          },
          {
            "color": "#FF858585",
            "offset": "1"
          }
        ]
      },
      "QuarterRadius1_BorderBackground": {
        "t": "l",
        "x1": "0",
        "y1": "0.5",
        "x2": "1",
        "y2": "0.5",
        "stops": [
          {
            "color": "#FFD9D9D9",
            "offset": "0"
          },
          {
            "color": "#FFFFFFFF",
            "offset": "0.269663"
          },
          {
            "color": "#FF9F9F9F",
            "offset": "1"
          }
        ]
      },
      "QuarterRadius1_1_border1": "#ffffff",
      "QuarterRadius1_1_Needle1": "#ffffff",
      "QuarterRadius1_1_Number": "#ffffff",
      "QuarterRadius1_1_Circle2": "#5c5c5c",
      "QuarterRadius1_1_Circle1": "#ffffff",
      "QuarterRadius1_1_Caption": "#333333",
      "QuarterRadius1_1_Graduation": "#5c5c5c",
      "QuarterRadius1_1_Value": "#333333"
    },
    "gaugeFolder": {
      "RadiusGauge20_red": "",
      "RadiusGauge20_yellow": "",
      "RadiusGauge20_green": "",
      "RadiusGauge20_1_red": "#ed1b17",
      "RadiusGauge20_1_yellow": "#F1D540",
      "RadiusGauge20_1_green": "#53C452"
    },
    "gaugeStyle": 1,
    "Map": {
      "MapNote_red": "#f20c23",
      "MapNote_yellow": "#bdba00",
      "MapNote_green": "#00ab75",
      "disableFocusAnimation": false,
      "displayShadow": false,
      "Map_fill": "#3684d1",
      "Map_mapBorder": "#333333",
      "Map_focusFill": "#aad2fa",
      "Map_focusBorder": "#ffffff",
      "Map_shadowColor": "#00374f",
      "Map_noDataFill": "#49657d",
      "Map_displayShadow": false,
      "Map_disableFocusAnimation": true
    },
    "Button1": {
      "dev-button-element1:hover_border-radiusUnit_caption_": "px",
      "dev-button-element1_border-radiusUnit": "px",
      "dev-button-element1:hover_border-radiusUnit": "px",
      "dev-button-element1_background": "#327f99",
      "dev-button-element1_color": "#ffffff",
      "dev-button-element1_border-color": "#07B3D5",
      "dev-button-element1:hover_background": "#00b8cc",
      "dev-button-element1:hover_color": "#ffffff",
      "dev-button-element1:hover_border-color": "#00ffff",
      "dev-button1-element_border-widthUnit_caption_": "px",
      "dev-button1-element_border-widthUnit": "px",
      "dev-button1-element_border-radiusUnit_caption_": "px",
      "dev-button1-element_border-radiusUnit": "px"
    },
    "Button2": {
      "dev-button-element2:hover_border-radiusUnit_caption_": "px",
      "dev-button-element2_border-radiusUnit": "px",
      "dev-button-element2:hover_border-radiusUnit": "px",
      "dev-button-element2_background": "#0092bf",
      "dev-button-element2_color": "#fafafa",
      "dev-button-element2_border-color": "#00d7ec",
      "dev-button-element2:hover_background": "#0b0582",
      "dev-button-element2:hover_color": "#00ffff",
      "dev-button-element2:hover_border-color": "#07bce0",
      "dev-button2-element_border-widthUnit_caption_": "px",
      "dev-button2-element_border-widthUnit": "px",
      "dev-button2-element_border-radiusUnit_caption_": "px",
      "dev-button2-element_border-radiusUnit": "px"
    },
    "Button3": {
      "dev-button-element3:hover_border-radiusUnit_caption_": "px",
      "dev-button-element3_border-radiusUnit": "px",
      "dev-button-element3:hover_border-radiusUnit": "px",
      "dev-button-element3_background": "#005670",
      "dev-button-element3_color": "#ffffff",
      "dev-button-element3_border-color": "#017AE1",
      "dev-button-element3:hover_background": "#0032e6",
      "dev-button-element3:hover_color": "#ffffff",
      "dev-button-element3:hover_border-color": "#03d6f7",
      "dev-button3-element_border-widthUnit_caption_": "px",
      "dev-button3-element_border-widthUnit": "px",
      "dev-button3-element_border-radiusUnit_caption_": "px",
      "dev-button3-element_border-radiusUnit": "px"
    },
    "Button4": {
      "dev-button-element4:hover_border-radiusUnit_caption_": "px",
      "dev-button-element4_border-radiusUnit": "px",
      "dev-button-element4:hover_border-radiusUnit": "px",
      "dev-button-element4_background": "#0099bb",
      "dev-button-element4_color": "#ffffff",
      "dev-button-element4:hover_background": "#074ee6",
      "dev-button4-element_border-widthUnit_caption_": "px",
      "dev-button4-element_border-widthUnit": "px",
      "dev-button4-element_border-radiusUnit_caption_": "px",
      "dev-button4-element_border-radiusUnit": "px",
      "dev-button-element4:hover_border-color": "#3da4ff"
    },
    "Button5": {
      "dev-button-element5_background": "#0bd3de",
      "dev-button-element5_color": "#017AE1",
      "dev-button-element5:hover_background": "#079bb8",
      "dev-button-element5:hover_color": "#ffffff",
      "dev-button5-element_border-widthUnit_caption_": "px",
      "dev-button5-element_border-widthUnit": "px",
      "dev-button5-element_border-radiusUnit_caption_": "px",
      "dev-button5-element_border-radiusUnit": "px",
      "dev-button-element5_border-color": "#017AE1",
      "dev-button-element5:hover_border-color": "#006f85"
    },
    "pageBackground": null,
    "ButtonList1": {
      "dev-buttonList-select1_border-radiusUnit_caption_": "px",
      "dev-buttonList-element1_border-radiusUnit": "px",
      "dev-buttonList-select1_border-radiusUnit": "px",
      "dev-buttonList-element1:hover_border-radiusUnit": "px",
      "dev-buttonList-element1_background": "#017ae1",
      "dev-buttonList-element1_color": "#fcfcfc",
      "dev-buttonList-element1_border-color": "#173a73",
      "dev-buttonList-element1:hover_background": "#187c9e",
      "dev-buttonList-element1:hover_color": "#ffffff",
      "dev-buttonList-select1_background": "#145666",
      "dev-buttonlist1-element_border-widthUnit_caption_": "px",
      "dev-buttonlist1-element_border-widthUnit": "px",
      "dev-buttonlist1-element_border-radiusUnit_caption_": "px",
      "dev-buttonlist1-element_border-radiusUnit": "px"
    },
    "ButtonList2": {
      "dev-buttonList-select2_border-radiusUnit_caption_": "px",
      "dev-buttonList-element2_border-radiusUnit": "px",
      "dev-buttonList-select2_border-radiusUnit": "px",
      "dev-buttonList-element2:hover_border-radiusUnit": "px",
      "dev-buttonList-element2_background": "#4d4949",
      "dev-buttonList-element2_color": "#ffffff",
      "dev-buttonList-element2_border-color": "#6b7b8c",
      "dev-buttonList-element2:hover_background": "#8aa0c2",
      "dev-buttonList-element2:hover_color": "#ffffff",
      "dev-buttonList-element2:hover_border-color": "#00bfff",
      "dev-buttonList-select2_background": "#000080",
      "dev-buttonList-select2_color": "#ffffff",
      "dev-buttonlist2-element_border-widthUnit_caption_": "px",
      "dev-buttonlist2-element_border-widthUnit": "px",
      "dev-buttonlist2-element_border-radiusUnit_caption_": "px",
      "dev-buttonlist2-element_border-radiusUnit": "px"
    },
    "ButtonList3": {
      "dev-buttonList-select3_border-radiusUnit_caption_": "px",
      "dev-buttonList-element3_border-radiusUnit": "px",
      "dev-buttonList-select3_border-radiusUnit": "px",
      "dev-buttonList-element3:hover_border-radiusUnit": "px",
      "dev-buttonList-select3_background": "#4d6175",
      "dev-buttonList-select3_color": "#ffffff",
      "dev-buttonList-select3_border-color": "#4d6175",
      "dev-buttonlist3-element_border-widthUnit_caption_": "px",
      "dev-buttonlist3-element_border-widthUnit": "px",
      "dev-buttonlist3-element_border-radiusUnit_caption_": "px",
      "dev-buttonlist3-element_border-radiusUnit": "px",
      "dev-buttonList-element3_background": "#000080",
      "dev-buttonList-element3_color": "#ffffff",
      "dev-buttonList-element3_border-color": "#0087b8",
      "dev-buttonList-element3:hover_background": "#ffffff",
      "dev-buttonList-element3:hover_color": "#000080",
      "dev-buttonList-element3:hover_border-color": "#00a2ff"
    },
    "ButtonList4": {
      "dev-buttonList-select4_border-radiusUnit_caption_": "px",
      "dev-buttonList-element4_border-radiusUnit": "px",
      "dev-buttonList-select4_border-radiusUnit": "px",
      "dev-buttonList-element4:hover_border-radiusUnit": "px",
      "dev-buttonList-element4_border-color": "#08b4cd",
      "dev-buttonList-element4:hover_background": "#08b4cd",
      "dev-buttonList-element4:hover_color": "#070757",
      "dev-buttonList-select4_background": "#08b4cd",
      "dev-buttonlist4-element_border-widthUnit_caption_": "px",
      "dev-buttonlist4-element_border-widthUnit": "px",
      "dev-buttonlist4-element_border-radiusUnit_caption_": "px",
      "dev-buttonlist4-element_border-radiusUnit": "px"
    },
    "ButtonList5": {
      "dev-buttonList-element5_color": "#017AE1",
      "dev-buttonList-element5_border-color": "#017AE1",
      "dev-buttonList-element5:hover_background": "#017AE1",
      "dev-buttonList-element5:hover_border-color": "#00bfff",
      "dev-buttonList-select5_background": "#00002b",
      "dev-buttonlist5-element_border-widthUnit_caption_": "px",
      "dev-buttonlist5-element_border-widthUnit": "px",
      "dev-buttonlist5-element_border-radiusUnit_caption_": "px",
      "dev-buttonlist5-element_border-radiusUnit": "px",
      "dev-buttonList-element5_background": "#000000"
    },
    "dataGrid": {
      "dev-datagrid-selected_border-widthUnit_caption_": "px",
      "dev-datagrid-element_border-widthUnit": "px",
      "dev-datagrid-selected_border-widthUnit": "px",
      "dev-datagrid-selected_border-radiusUnit_caption_": "px",
      "dev-datagrid-element_border-radiusUnit": "px",
      "dev-datagrid-selected_border-radiusUnit": "px",
      "dev-datagrid-headercell_border-widthUnit": "px",
      "dev-datagrid-headercell_border-radiusUnit": "px",
      "dev-datagrid-datacell_border-widthUnit": "px",
      "dev-datagrid-datacell_border-radiusUnit": "px",
      "dev-datagrid-oddrow_border-widthUnit": "px",
      "dev-datagrid-oddrow_border-radiusUnit": "px",
      "dev-datagrid-evenrow_border-widthUnit": "px",
      "dev-datagrid-evenrow_border-radiusUnit": "px",
      "dev-datagrid-element_background": "#020810",
      "dev-datagrid-element_color": "#000000",
      "dev-datagrid-element_border-color": "#ffffff",
      "dev-datagrid-headercell_background": "#020810",
      "dev-datagrid-headercell_color": "#ffffff",
      "dev-datagrid-oddrow_background": "#092247",
      "dev-datagrid-evenrow_background": "#020810",
      "dev-datagrid-selected_background": "#4b7f96",
      "dev-datagrid-oddrow_color": "#fffafa",
      "dev-datagrid-evenrow_color": "#ffffff",
      "dev-datagrid-selected_color": "#ffffff",
      "dev-datagrid-element_border-widthUnit_caption_": "px",
      "dev-datagrid-element_border-radiusUnit_caption_": "px"
    },
    "pivotGrid": {
      "dev-pivotgrid-fixedcolumncell_border-widthUnit_caption_": "px",
      "dev-pivotgrid-element_border-widthUnit": "px",
      "dev-pivotgrid-fixedcolumncell_border-widthUnit": "px",
      "dev-pivotgrid-fixedcolumncell_border-radiusUnit_caption_": "px",
      "dev-pivotgrid-element_border-radiusUnit": "px",
      "dev-pivotgrid-fixedcolumncell_border-radiusUnit": "px",
      "dev-pivotgrid-headercell_border-widthUnit": "px",
      "dev-pivotgrid-headercell_border-radiusUnit": "px",
      "dev-pivotgrid-datacell_border-widthUnit": "px",
      "dev-pivotgrid-datacell_border-radiusUnit": "px",
      "dev-pivotgrid-headercell_background": "#1CA7DE",
      "dev-pivotgrid-headercell_color": "#ffffff",
      "dev-pivotgrid-headercell_border-color": "#ffffff",
      "dev-pivotgrid-datacell_background": "#3b3b3b",
      "dev-pivotgrid-datacell_color": "#cfcfcf",
      "dev-pivotgrid-datacell_border-width": "1",
      "dev-pivotgrid-fixedcolumncell_background": "#949494",
      "dev-pivotgrid-fixedcolumncell_border-width": "1",
      "dev-pivotgrid-element_border-widthUnit_caption_": "px",
      "dev-pivotgrid-element_border-radiusUnit_caption_": "px"
    },
    "list": {
      "dev-list-element_border-widthUnit_caption_": "px",
      "dev-list-element_border-widthUnit": "px",
      "dev-list-element_border-radiusUnit_caption_": "px",
      "dev-list-element_border-radiusUnit": "px",
      "dev-list-element_background": "#1d7491",
      "dev-list-element_color": "#ffffff"
    },
    "listMenu": {
      "dev-listmenu-image_border-widthUnit_caption_": "px",
      "dev-listmenu-element_border-widthUnit": "px",
      "dev-listmenu-image_border-widthUnit": "px",
      "dev-listmenu-image_border-radiusUnit_caption_": "px",
      "dev-listmenu-element_border-radiusUnit": "px",
      "dev-listmenu-image_border-radiusUnit": "px",
      "dev-listmenu-text_border-widthUnit": "px",
      "dev-listmenu-text_border-radiusUnit": "px",
      "dev-listmenu-item_border-widthUnit": "px",
      "dev-listmenu-item_border-radiusUnit": "px",
      "dev-listmenu-itemselected_border-widthUnit": "px",
      "dev-listmenu-itemselected_border-radiusUnit": "px",
      "dev-listmenu-element_color": "#9e9e9e",
      "dev-listmenu-item_background": "#1CA8DD",
      "dev-listmenu-item_color": "#ffffff",
      "dev-listmenu-element_border-widthUnit_caption_": "px",
      "dev-listmenu-element_border-radiusUnit_caption_": "px"
    },
    "label": {
      "dev-label-text_border-widthUnit_caption_": "px",
      "dev-label-element_border-widthUnit": "px",
      "dev-label-text_border-widthUnit": "px",
      "dev-label-text_border-radiusUnit_caption_": "px",
      "dev-label-element_border-radiusUnit": "px",
      "dev-label-text_border-radiusUnit": "px",
      "dev-label-element_color": "#8a8a8a",
      "dev-label-element_border-widthUnit_caption_": "px",
      "dev-label-element_border-radiusUnit_caption_": "px"
    },
    "checkBox": {
      "dev-checkbox-element_border-widthUnit_caption_": "px",
      "dev-checkbox-element_border-widthUnit": "px",
      "dev-checkbox-element_border-radiusUnit_caption_": "px",
      "dev-checkbox-element_border-radiusUnit": "px",
      "dev-checkbox-element_background": "#1ba8dd",
      "dev-checkbox-element_color": "#1BA8DD",
      "dev-checkbox-element_border-color": "#1BA8DD"
    },
    "comboBox": {
      "dev-combobox-button_border-widthUnit_caption_": "px",
      "dev-combobox-element_border-widthUnit": "px",
      "dev-combobox-button_border-widthUnit": "px",
      "dev-combobox-button_border-radiusUnit_caption_": "px",
      "dev-combobox-element_border-radiusUnit": "px",
      "dev-combobox-button_border-radiusUnit": "px",
      "dev-combobox-text_border-widthUnit": "px",
      "dev-combobox-text_border-radiusUnit": "px",
      "dev-combobox-image_border-widthUnit": "px",
      "dev-combobox-image_border-radiusUnit": "px",
      "dev-combobox-listelement_border-widthUnit": "px",
      "dev-combobox-listelement_border-radiusUnit": "px",
      "dev-combobox-item_border-widthUnit": "px",
      "dev-combobox-item_border-radiusUnit": "px",
      "dev-combobox-itemimage_border-widthUnit": "px",
      "dev-combobox-itemimage_border-radiusUnit": "px",
      "dev-combobox-itemtext_border-widthUnit": "px",
      "dev-combobox-itemtext_border-radiusUnit": "px",
      "dev-combobox-inputreadonly_border-widthUnit": "px",
      "dev-combobox-inputreadonly_border-radiusUnit": "px",
      "dev-combobox-input_border-widthUnit": "px",
      "dev-combobox-input_border-radiusUnit": "px",
      "dev-combobox-element_background": "#1BA8DD",
      "dev-combobox-element_border-width": "0",
      "dev-combobox-element_border-style": "solid",
      "dev-combobox-element_border-color": "#4169e1",
      "dev-combobox-element_border-widthUnit_caption_": "px",
      "dev-combobox-element_border-radiusUnit_caption_": "px"
    },
    "listBox": {
      "dev-listbox-selected_border-widthUnit_caption_": "px",
      "dev-listbox-listelement_border-widthUnit": "px",
      "dev-listbox-selected_border-widthUnit": "px",
      "dev-listbox-selected_border-radiusUnit_caption_": "px",
      "dev-listbox-listelement_border-radiusUnit": "px",
      "dev-listbox-selected_border-radiusUnit": "px",
      "dev-listbox-item_border-widthUnit": "px",
      "dev-listbox-item_border-radiusUnit": "px",
      "dev-listbox-selecting_border-widthUnit": "px",
      "dev-listbox-selecting_border-radiusUnit": "px",
      "dev-listbox-element_border-widthUnit_caption_": "px",
      "dev-listbox-element_border-widthUnit": "px",
      "dev-listbox-element_border-radiusUnit_caption_": "px",
      "dev-listbox-element_border-radiusUnit": "px",
      "dev-listbox-listelement_background": "#1BA8DD",
      "dev-listbox-selecting_background": "#1BA8DD",
      "dev-listbox-selecting_color": "#ffffff",
      "dev-listbox-selected_background": "#007bc2",
      "dev-listbox-selected_color": "#ffffff"
    },
    "fileUploader": {
      "dev-fileuploader-button_border-widthUnit_caption_": "px",
      "dev-fileuploader-element_border-widthUnit": "px",
      "dev-fileuploader-button_border-widthUnit": "px",
      "dev-fileuploader-button_border-radiusUnit_caption_": "px",
      "dev-fileuploader-element_border-radiusUnit": "px",
      "dev-fileuploader-button_border-radiusUnit": "px",
      "dev-fileuploader-filetext_border-widthUnit": "px",
      "dev-fileuploader-filetext_border-radiusUnit": "px",
      "dev-fileuploader-element_border-widthUnit_caption_": "px",
      "dev-fileuploader-element_border-radiusUnit_caption_": "px"
    },
    "htmlEditor": {
      "dev-htmleditor-element_border-widthUnit_caption_": "px",
      "dev-htmleditor-element_border-widthUnit": "px",
      "dev-htmleditor-element_border-radiusUnit_caption_": "px",
      "dev-htmleditor-element_border-radiusUnit": "px",
      "dev-htmleditor-element_background": "#053444",
      "dev-htmleditor-element_color": "#ffffff"
    },
    "image": {
      "dev-image-element_border-widthUnit_caption_": "px",
      "dev-image-element_border-widthUnit": "px",
      "dev-image-element_border-radiusUnit_caption_": "px",
      "dev-image-element_border-radiusUnit": "px",
      "dev-image-element_background": "#256B87",
      "dev-image-element_color": "#ffffff"
    },
    "radioButton": {
      "dev-radiobutton-input_border-widthUnit_caption_": "px",
      "dev-radiobutton-element_border-widthUnit": "px",
      "dev-radiobutton-input_border-widthUnit": "px",
      "dev-radiobutton-input_border-radiusUnit_caption_": "px",
      "dev-radiobutton-element_border-radiusUnit": "px",
      "dev-radiobutton-input_border-radiusUnit": "px",
      "dev-radiobutton-element_background": "#256B87",
      "dev-radiobutton-element_color": "#ffffff",
      "dev-radiobutton-element_border-widthUnit_caption_": "px",
      "dev-radiobutton-element_border-radiusUnit_caption_": "px"
    },
    "textBox": {
      "dev-textbox-readonly_border-widthUnit_caption_": "px",
      "dev-textbox-element_border-widthUnit": "px",
      "dev-textbox-readonly_border-widthUnit": "px",
      "dev-textbox-readonly_border-radiusUnit_caption_": "px",
      "dev-textbox-element_border-radiusUnit": "px",
      "dev-textbox-readonly_border-radiusUnit": "px",
      "dev-textbox-fkreference_border-widthUnit": "px",
      "dev-textbox-fkreference_border-radiusUnit": "px",
      "dev-textbox-text_border-widthUnit": "px",
      "dev-textbox-text_border-radiusUnit": "px",
      "dev-textbox-input_border-widthUnit": "px",
      "dev-textbox-input_border-radiusUnit": "px",
      "dev-textbox-multiline_border-widthUnit": "px",
      "dev-textbox-multiline_border-radiusUnit": "px",
      "dev-textbox-input_background": "#053444",
      "dev-textbox-input_color": "#ffffff",
      "dev-textbox-element_border-widthUnit_caption_": "px",
      "dev-textbox-element_border-radiusUnit_caption_": "px"
    },
    "flipSwitch": {
      "dev-flipswitch-innerText_border-widthUnit_caption_": "px",
      "dev-flipswitch-element_border-widthUnit": "px",
      "dev-flipswitch-innerText_border-widthUnit": "px",
      "dev-flipswitch-innerText_border-radiusUnit_caption_": "px",
      "dev-flipswitch-element_border-radiusUnit": "px",
      "dev-flipswitch-innerText_border-radiusUnit": "px",
      "dev-flipswitch-element_border-widthUnit_caption_": "px",
      "dev-flipswitch-element_border-radiusUnit_caption_": "px"
    },
    "slider": {
      "dev-slider-element_border-widthUnit_caption_": "px",
      "dev-slider-element_border-widthUnit": "px",
      "dev-slider-element_border-radiusUnit_caption_": "px",
      "dev-slider-element_border-radiusUnit": "px",
      "dev-slider-element_background": "#00478a",
      "dev-slider-element_color": "#00D7EC"
    },
    "hyperLinkButton": {
      "dev-hyperLinkButton-fontColor_border-widthUnit_caption_": "px",
      "dev-hyperLinkButton-background_border-widthUnit": "px",
      "dev-hyperLinkButton-fontColor_border-widthUnit": "px",
      "dev-hyperLinkButton-fontColor_border-radiusUnit_caption_": "px",
      "dev-hyperLinkButton-background_border-radiusUnit": "px",
      "dev-hyperLinkButton-fontColor_border-radiusUnit": "px",
      "dev-hyperLinkButton-background_background": "",
      "dev-hyperLinkButton-background_color": "#ebe4e4",
      "dev-hyperlinkbutton-element_border-widthUnit_caption_": "px",
      "dev-hyperlinkbutton-element_border-widthUnit": "px",
      "dev-hyperlinkbutton-element_border-radiusUnit_caption_": "px",
      "dev-hyperlinkbutton-element_border-radiusUnit": "px",
      "dev-hyperLinkButton-fontColor_color": "#ffffff"
    },
    "commandBar": {
      "dev-commandbar-buttontext_border-widthUnit_caption_": "px",
      "dev-commandbar-buttonelement_border-widthUnit": "px",
      "dev-commandbar-buttontext_border-widthUnit": "px",
      "dev-commandbar-buttontext_border-radiusUnit_caption_": "px",
      "dev-commandbar-buttonelement_border-radiusUnit": "px",
      "dev-commandbar-buttontext_border-radiusUnit": "px",
      "dev-commandbar-button_border-widthUnit": "px",
      "dev-commandbar-button_border-radiusUnit": "px",
      "dev-commandbar-buttonelement_background": "#00e1ff",
      "dev-commandbar-buttonelement_color": "#ffffff",
      "dev-commandbar-button_background": "#004e82",
      "dev-commandbar-button_color": "#ffffff",
      "dev-commandbar-element_border-widthUnit_caption_": "px",
      "dev-commandbar-element_border-widthUnit": "px",
      "dev-commandbar-element_border-radiusUnit_caption_": "px",
      "dev-commandbar-element_border-radiusUnit": "px"
    },
    "toolBar": {
      "dev-toolbar-button_border-widthUnit_caption_": "px",
      "dev-toolbar-element_border-widthUnit": "px",
      "dev-toolbar-button_border-widthUnit": "px",
      "dev-toolbar-button_border-radiusUnit_caption_": "px",
      "dev-toolbar-element_border-radiusUnit": "px",
      "dev-toolbar-button_border-radiusUnit": "px",
      "dev-toolbar-element_background": "#0c242d",
      "dev-toolbar-element_color": "#ffffff",
      "dev-toolbar-button_background": "#007ADE",
      "dev-toolbar-button_color": "#ffffff",
      "dev-toolbar-element_border-widthUnit_caption_": "px",
      "dev-toolbar-element_border-radiusUnit_caption_": "px",
      "dev-toolbar-button_border-color": "#007ade"
    },
    "accordion": {
      "dev-accordion-bar_border-widthUnit_caption_": "px",
      "dev-accordion-header_border-widthUnit": "px",
      "dev-accordion-bar_border-widthUnit": "px",
      "dev-accordion-bar_border-radiusUnit_caption_": "px",
      "dev-accordion-header_border-radiusUnit": "px",
      "dev-accordion-bar_border-radiusUnit": "px",
      "dev-accordion-content_border-widthUnit": "px",
      "dev-accordion-content_border-radiusUnit": "px",
      "dev-accordion-content_background": "#88CAFF",
      "dev-accordion-element_border-widthUnit_caption_": "px",
      "dev-accordion-element_border-widthUnit": "px",
      "dev-accordion-element_border-radiusUnit_caption_": "px",
      "dev-accordion-element_border-radiusUnit": "px",
      "dev-accordion-header_background": "#ABCFF2",
      "dev-accordion-content_color": "#ffffff",
      "dev-accordion-bar_background": "#abcff2"
    },
    "freeBlock": {
      "dev-freeblock-element_border-widthUnit_caption_": "px",
      "dev-freeblock-element_border-widthUnit": "px",
      "dev-freeblock-element_border-radiusUnit_caption_": "px",
      "dev-freeblock-element_border-radiusUnit": "px",
      "dev-freeblock-element_background": "#2F323B",
      "dev-freeblock-element_color": "#ffffff"
    },
    "flowBlock": {
      "dev-flowblock-element_border-widthUnit_caption_": "px",
      "dev-flowblock-element_border-widthUnit": "px",
      "dev-flowblock-element_border-radiusUnit_caption_": "px",
      "dev-flowblock-element_border-radiusUnit": "px",
      "dev-flowblock-element_background": "#2F323B",
      "dev-flowblock-element_color": "#ffffff"
    },
    "groupBox": {
      "dev-groupbox-legendtext_border-widthUnit_caption_": "px",
      "dev-groupbox-element_border-widthUnit": "px",
      "dev-groupbox-legendtext_border-widthUnit": "px",
      "dev-groupbox-legendtext_border-radiusUnit_caption_": "px",
      "dev-groupbox-element_border-radiusUnit": "px",
      "dev-groupbox-legendtext_border-radiusUnit": "px",
      "dev-groupbox-legend_border-widthUnit": "px",
      "dev-groupbox-legend_border-radiusUnit": "px",
      "dev-groupbox-element_background": "#2F323B",
      "dev-groupbox-element_color": "#2F323B",
      "dev-groupbox-legend_background": "#2f323b",
      "dev-groupbox-legend_border-width": "1",
      "dev-groupbox-legend_border-color": "#2f323b",
      "dev-groupbox-element_border-widthUnit_caption_": "px",
      "dev-groupbox-element_border-radiusUnit_caption_": "px",
      "dev-groupbox-legend_color": "#ffffff",
      "dev-groupbox-element_border-color": "#5c5c5c",
      "dev-groupbox-legendtext_border-color": "#2f323b",
      "dev-groupbox-element_border-width": "1"
    },
    "tabControl": {
      "dev-tabs-tagtext_border-widthUnit_caption_": "px",
      "dev-tabs-element_border-widthUnit": "px",
      "dev-tabs-tagtext_border-widthUnit": "px",
      "dev-tabs-tagtext_border-radiusUnit_caption_": "px",
      "dev-tabs-element_border-radiusUnit": "px",
      "dev-tabs-tagtext_border-radiusUnit": "px",
      "dev-tabs-content_border-widthUnit": "px",
      "dev-tabs-content_border-radiusUnit": "px",
      "dev-tabs-header_border-widthUnit": "px",
      "dev-tabs-header_border-radiusUnit": "px",
      "dev-tabs-element_border-widthUnit_caption_": "px",
      "dev-tabs-element_border-radiusUnit_caption_": "px",
      "dev-tabs-tagtext_background": "#3A4050",
      "dev-tabs-tagtext_color": "#ffffff",
      "dev-tabs-tagtext_border-color": "#3A4050"
    },
    "iframe": {
      "dev-iframe-element_border-widthUnit_caption_": "px",
      "dev-iframe-element_border-widthUnit": "px",
      "dev-iframe-element_border-radiusUnit_caption_": "px",
      "dev-iframe-element_border-radiusUnit": "px"
    },
    "pageBackground": {
      "backgroundKind": 2,
      "backgroundImage": "./images/BgPage1.png",
      "backgroundColor": "#2f323b"
    },
    "block": {
      "dev-block-element_border-widthUnit_caption_": "px",
      "dev-block-element_border-widthUnit": "px",
      "dev-block-element_border-radiusUnit_caption_": "px",
      "dev-block-element_border-radiusUnit": "px"
    }
  },
  "copySource": "3ac8ce48-0784-4eca-9762-d0e934a58494"
}