{
  "property": {
    "Chart": {
      "Chart_Background": "#FFFFFFFF",
      "Chart_Title_FontColor": "#FF000000",
      "Chart_Legend_FontColor": "#FF3C3C3C",
      "Chart_Legend_BorderColor": "#FFD3D3D3",
      "Chart_Legend_Background": "#00000000",
      "Chart_ToolTip_Background": "#FFFFFFC1",
      "Chart_ToolTip_BorderColor": "#FF555555",
      "Chart_ToolTip_FontColor": "#FF000000",
      "Chart_Label_FontColor": "#FF000000",
      "Chart_Label_LineColor": "#FF000000",
      "Chart_AxisX_TitleFontColor": "#FF000000",
      "Chart_AxisX_FontColor": "#FF000000",
      "Chart_AxisX_LineColor": "#FFA9A9A9",
      "Chart_AxisX_MajorGrid_LineColor": "#FF3C3C3C",
      "Chart_AxisX_MajorTick_LineColor": "#FF3C3C3C",
      "Chart_AxisY_TitleFontColor": "#FF000000",
      "Chart_AxisY_FontColor": "#FF000000",
      "Chart_AxisY_LineColor": "#FFA9A9A9",
      "Chart_AxisY_MajorGrid_LineColor": "#FFD6D6D6",
      "Chart_AxisY_MajorTick_LineColor": "#FF3C3C3C",
      "Chart_FocusColor":"#66CCCCCC",
      "Chart_SelectColor":"#FFFF0000",      
      "Chart_ColorSet_Color1": "#FFF89955",
      "Chart_ColorSet_Color2": "#FF4BB36C",
      "Chart_ColorSet_Color3": "#FFC05D50",
      "Chart_ColorSet_Color4": "#FF6B4D9C",
      "Chart_ColorSet_Color5": "#FFAC5A3E",
      "Chart_ColorSet_Color6": "#FF2A8695",
      "Chart_ColorSet_Color7": "#FF3840AD",
      "Chart_ColorSet_Color8": "#FF205AAD",
      "Chart_ColorSet_Color9": "#FFDC0451",
      "Chart_ColorSet_Color10": "#FFD9BD2A",
      "Chart_ColorSet_Color11": "#FFD250BB",
      "Chart_ColorSet_Color12": "#FF295F1D",
      "Chart_ColorSet_Color13": "#FFF6AE0F",
      "Chart_ColorSet_Color14": "#FF6D6F64",
      "Chart_ColorSet_Color15": "#FF4077FE",
      "Chart_ColorSet_Color16": "#FF867128"
    },
    "Gauge-QuarterRadius1": {
      "QuarterRadius1_Caption": "#FF000000",
      "QuarterRadius1_Number": "#FF000000",
      "QuarterRadius1_Value": "#FF000000",
      "QuarterRadius1_Background": {
        "t": "l",
        "x1": "0",
        "y1": "0.5",
        "x2": "1",
        "y2": "0.5",
        "stops": [
          {
            "color": "#FFFFFFFF",
            "offset": "0"
          },
          {
            "color": "#FFE0E0E0",
            "offset": "1"
          }
        ]
      },
      "QuarterRadius1_BottomBlock": {
        "t": "l",
        "x1": "-0.039486899971962",
        "y1": "0.5",
        "x2": "0.96051299571991",
        "y2": "0.5",
        "stops": [
          {
            "color": "#FFEFEFEF",
            "offset": "0"
          },
          {
            "color": "#FFE0E0E0",
            "offset": "1"
          }
        ]
      },
      "QuarterRadius1_InnerBorder": {
        "t": "l",
        "x1": "-5.84341997011961E-08",
        "y1": "0.5",
        "x2": "1",
        "y2": "0.5",
        "stops": [
          {
            "color": "#FFE1E1E1",
            "offset": "0"
          },
          {
            "color": "#FFD0D0D0",
            "offset": "1"
          }
        ]
      },
      "QuarterRadius1_Needle": {
        "t": "l",
        "x1": "0.315158993005753",
        "y1": "0.343115001916885",
        "x2": "1.12232995033264",
        "y2": "0.343115001916885",
        "stops": [
          {
            "color": "#FFC0C0C0",
            "offset": "0"
          },
          {
            "color": "#FFA0A0A0",
            "offset": "1"
          }
        ]
      },
      "QuarterRadius1_BorderStroke": {
        "t": "l",
        "x1": "0",
        "y1": "0.5",
        "x2": "1",
        "y2": "0.5",
        "stops": [
          {
            "color": "#FFD0D0D0",
            "offset": "0"
          },
          {
            "color": "#FFBBBBBB",
            "offset": "1"
          }
        ]
      },
      "QuarterRadius1_BorderBackground": {
        "t": "l",
        "x1": "0",
        "y1": "0.5",
        "x2": "1",
        "y2": "0.5",
        "stops": [
          {
            "color": "#FFD9D9D9",
            "offset": "0"
          },
          {
            "color": "#FFFFFFFF",
            "offset": "0.270000010728836"
          },
          {
            "color": "#FFD0D0D0",
            "offset": "1"
          }
        ]
      }
    },
    "Gauge-SemiRadius1": {
      "SemiRadius1_Caption": "#FF000000",
      "SemiRadius1_Number": "#FF000000",
      "SemiRadius1_Value": "#FF000000",
      "SemiRadius1_Background": {
        "t": "l",
        "x1": "0",
        "y1": "0.5",
        "x2": "1",
        "y2": "0.5",
        "stops": [
          {
            "color": "#FFEFEFEF",
            "offset": "0"
          },
          {
            "color": "#FFE0E0E0",
            "offset": "1"
          }
        ]
      },
      "SemiRadius1_BottomBlock": {
        "t": "l",
        "x1": "-0.039486899971962",
        "y1": "0.5",
        "x2": "0.96051299571991",
        "y2": "0.5",
        "stops": [
          {
            "color": "#FFEFEFEF",
            "offset": "0"
          },
          {
            "color": "#FFE0E0E0",
            "offset": "1"
          }
        ]
      },
      "SemiRadius1_InnerBorder": {
        "t": "l",
        "x1": "-5.84341997011961E-08",
        "y1": "0.5",
        "x2": "1",
        "y2": "0.5",
        "stops": [
          {
            "color": "#FFE1E1E1",
            "offset": "0"
          },
          {
            "color": "#FFC0C0C0",
            "offset": "1"
          }
        ]
      },
      "SemiRadius1_Needle": {
        "t": "l",
        "x1": "0.315158993005753",
        "y1": "0.343115001916885",
        "x2": "1.12232995033264",
        "y2": "0.343115001916885",
        "stops": [
          {
            "color": "#FFC0C0C0",
            "offset": "0"
          },
          {
            "color": "#FFA0A0A0",
            "offset": "1"
          }
        ]
      },
      "SemiRadius1_BorderStroke": {
        "t": "l",
        "x1": "-6.05664993713617E-08",
        "y1": "0.5",
        "x2": "1",
        "y2": "0.5",
        "stops": [
          {
            "color": "#FFC0C0C0",
            "offset": "0"
          },
          {
            "color": "#FFB0B0B0",
            "offset": "1"
          }
        ]
      },
      "SemiRadius1_BorderBackground": {
        "t": "l",
        "x1": "-6.12740009842128E-08",
        "y1": "0.5",
        "x2": "1",
        "y2": "0.5",
        "stops": [
          {
            "color": "#FFD9D9D9",
            "offset": "0"
          },
          {
            "color": "#FFFFFFFF",
            "offset": "0.270000010728836"
          },
          {
            "color": "#FFC0C0C0",
            "offset": "1"
          }
        ]
      }
    },
    "Gauge-RadiusGauge21": {
      "RadiusGauge21_Background": "#FFE0E0E0",
      "RadiusGauge21_Path": {
        "t": "l",
        "x1": "0",
        "y1": "0",
        "x2": "1",
        "y2": "1",
        "stops": [
          {
            "color": "#FFE3E3E3",
            "offset": "0.460999995470047"
          },
          {
            "color": "#FFDDDDDD",
            "offset": "0"
          }
        ]
      },
      "RadiusGauge21_Rectangle00": "#00FFFFFF",
      "RadiusGauge21_Rectangle01": "#00FFFFFF",
      "RadiusGauge21_Rectangle_1": "#00FFFFFF",
      "RadiusGauge21_TitleSide": "#00FFFFFF",
      "RadiusGauge21_Path19": {
        "t": "l",
        "x1": "0",
        "y1": "0",
        "x2": "1",
        "y2": "1",
        "stops": [
          {
            "color": "#FFFFFFFF",
            "offset": "0"
          },
          {
            "color": "#FFDDDDDD",
            "offset": "1"
          }
        ]
      },
      "RadiusGauge21_Path21": {
        "t": "l",
        "x1": "0.5",
        "y1": "0",
        "x2": "0.5",
        "y2": "1",
        "stops": [
          {
            "color": "#FFC2C2C2",
            "offset": "0"
          },
          {
            "color": "#FFCECECE",
            "offset": "1"
          },
          {
            "color": "#FFE5E5E5",
            "offset": "0.188999995589256"
          }
        ]
      },
      "RadiusGauge21_Path_1": {
        "t": "l",
        "x1": "0",
        "y1": "0.5",
        "x2": "1",
        "y2": "0.5",
        "stops": [
          {
            "color": "#FFFFFFFF",
            "offset": "0"
          },
          {
            "color": "#FFCCCCCC",
            "offset": "1"
          }
        ]
      },
      "RadiusGauge21_add01": "#FFC6C6C6",
      "RadiusGauge21_Path_21": "#00000000",
      "RadiusGauge21_yellow": {
        "t": "l",
        "x1": "0.998991012573242",
        "y1": "0.5",
        "x2": "-0.0611758008599281",
        "y2": "0.5",
        "stops": [
          {
            "color": "#FFFFFD7B",
            "offset": "0"
          },
          {
            "color": "#FFFDDD00",
            "offset": "1"
          }
        ]
      },
      "RadiusGauge21_green": {
        "t": "l",
        "x1": "0.998991012573242",
        "y1": "0.5",
        "x2": "-0.0611758008599281",
        "y2": "0.5",
        "stops": [
          {
            "color": "#FF8FD62B",
            "offset": "1"
          },
          {
            "color": "#FFC0DD5D",
            "offset": "0"
          }
        ]
      },
      "RadiusGauge21_red": {
        "t": "l",
        "x1": "0.998991012573242",
        "y1": "0.5",
        "x2": "-0.0611758008599281",
        "y2": "0.5",
        "stops": [
          {
            "color": "#FFE46262",
            "offset": "0"
          },
          {
            "color": "#FFF99E80",
            "offset": "1"
          }
        ]
      },
      "RadiusGauge21_Caption": "#FF000000",
      "RadiusGauge21_Number": "#FF000000",
      "RadiusGauge21_Value": "#FF000000"
    },
    "Gauge-RadiusGauge22": {
      "RadiusGauge22_Background": "#FFE0E0E0",
      "RadiusGauge22_Path": {
        "t": "l",
        "x1": "1",
        "y1": "1",
        "x2": "1",
        "y2": "0",
        "stops": [
          {
            "color": "#FFFFFFFF",
            "offset": "1"
          },
          {
            "color": "#FFDEDEDE",
            "offset": "0"
          }
        ]
      },
      "RadiusGauge22_Rectangle21": "#00000000",
      "RadiusGauge22_Rectangle22": "#00000000",
      "RadiusGauge22_TitleSide": "#00000000",
      "RadiusGauge22_Rectangle00": "#00FFFFFF",
      "RadiusGauge22_Rectangle01": "#00FFFFFF",
      "RadiusGauge22_Rectangle_1": "#00FFFFFF",
      "RadiusGauge22_Black": {
        "t": "l",
        "x1": "0.976000010967255",
        "y1": "0.65200001001358",
        "x2": "0.0240000002086163",
        "y2": "0.34799998998642",
        "stops": [
          {
            "color": "#FFD6D6D6",
            "offset": "0.788999974727631"
          },
          {
            "color": "#FFD6D6D6",
            "offset": "0.810999989509583"
          },
          {
            "color": "#FFEEEEEE",
            "offset": "0.800000011920929"
          },
          {
            "color": "#FFFFFFFF",
            "offset": "0"
          },
          {
            "color": "#FFFFFFFF",
            "offset": "0.744000017642975"
          }
        ]
      },
      "RadiusGauge22_Path_21": {
        "t": "l",
        "x1": "0.998000025749207",
        "y1": "0.537000000476837",
        "x2": "0.0020000000949949",
        "y2": "0.462999999523163",
        "stops": [
          {
            "color": "#FFFFFFFF",
            "offset": "1"
          },
          {
            "color": "#FFABABAB",
            "offset": "0"
          },
          {
            "color": "#FFABABAB",
            "offset": "0.228000000119209"
          }
        ]
      },
      "RadiusGauge22_yellow": {
        "t": "l",
        "x1": "0.998991012573242",
        "y1": "0.5",
        "x2": "-0.0611758008599281",
        "y2": "0.5",
        "stops": [
          {
            "color": "#FFFDDD00",
            "offset": "1"
          },
          {
            "color": "#FFFFFD7B",
            "offset": "0"
          }
        ]
      },
      "RadiusGauge22_green": {
        "t": "l",
        "x1": "0.998991012573242",
        "y1": "0.5",
        "x2": "-0.0611758008599281",
        "y2": "0.5",
        "stops": [
          {
            "color": "#FF8FD62B",
            "offset": "0.816999971866608"
          },
          {
            "color": "#FFC0DD5D",
            "offset": "0"
          }
        ]
      },
      "RadiusGauge22_red": {
        "t": "l",
        "x1": "0.998991012573242",
        "y1": "0.5",
        "x2": "-0.0611758008599281",
        "y2": "0.5",
        "stops": [
          {
            "color": "#FFE46262",
            "offset": "1"
          },
          {
            "color": "#FFF99E80",
            "offset": "0"
          }
        ]
      },
      "RadiusGauge22_Caption": "#FF000000",
      "RadiusGauge22_Number": "#FF000000",
      "RadiusGauge22_Value": "#FF000000"
    },
    "Gauge-RadiusGauge23": {
      "RadiusGauge23_Path32": {
        "t": "l",
        "x1": "0.314000010490417",
        "y1": "0.748000025749207",
        "x2": "0.888999998569489",
        "y2": "0.0480000004172325",
        "stops": [
          {
            "color": "#FFFFFFFF",
            "offset": "0"
          },
          {
            "color": "#FFE0E0E0",
            "offset": "1"
          }
        ]
      },
      "RadiusGauge23_Brush_Blue": {
        "t": "l",
        "x1": "0",
        "y1": "0",
        "x2": "1",
        "y2": "1",
        "stops": [
          {
            "color": "#FFFFFFFF",
            "offset": "0"
          },
          {
            "color": "#FFD9D9D9",
            "offset": "1"
          },
          {
            "color": "#FFFFFFFF",
            "offset": "0.165000006556511"
          }
        ]
      },
      "RadiusGauge23_Path31": {
        "t": "l",
        "x1": "0.5",
        "y1": "0",
        "x2": "0.5",
        "y2": "1",
        "stops": [
          {
            "color": "#FFCFCFCF",
            "offset": "0"
          },
          {
            "color": "#FFC0C0C0",
            "offset": "1"
          }
        ]
      },
      "RadiusGauge23_Base3": {
        "t": "l",
        "x1": "1.49990999698639",
        "y1": "0.923107028007507",
        "x2": "2.03396010398865",
        "y2": "0.923107028007507",
        "stops": [
          {
            "color": "#FFE0E0E0",
            "offset": "0"
          },
          {
            "color": "#FFD8D8D8",
            "offset": "0.496706008911133"
          },
          {
            "color": "#FFCCCCCC",
            "offset": "1"
          }
        ]
      },
      "RadiusGauge23_yellow": {
        "t": "l",
        "x1": "0.998991012573242",
        "y1": "0.5",
        "x2": "-0.0611758008599281",
        "y2": "0.5",
        "stops": [
          {
            "color": "#FFFDDD00",
            "offset": "0"
          },
          {
            "color": "#FFFFFD7B",
            "offset": "1"
          }
        ]
      },
      "RadiusGauge23_green": {
        "t": "l",
        "x1": "0.998991012573242",
        "y1": "0.5",
        "x2": "-0.0611758008599281",
        "y2": "0.5",
        "stops": [
          {
            "color": "#FF8FD62B",
            "offset": "0"
          },
          {
            "color": "#FFC0DD5D",
            "offset": "1"
          }
        ]
      },
      "RadiusGauge23_red": {
        "t": "l",
        "x1": "0.998991012573242",
        "y1": "0.5",
        "x2": "-0.0611758008599281",
        "y2": "0.5",
        "stops": [
          {
            "color": "#FFE46262",
            "offset": "0"
          },
          {
            "color": "#FFF99E80",
            "offset": "1"
          }
        ]
      },
      "RadiusGauge23_Caption": "#FF000000",
      "RadiusGauge23_Number": "#FF000000",
      "RadiusGauge23_Value": "#FF000000"
    },
    "Gauge-RadiusGauge24": {
      "RadiusGauge24_Ellipse41": {
        "t": "l",
        "x1": "0",
        "y1": "0.5",
        "x2": "1",
        "y2": "0.5",
        "stops": [
          {
            "color": "#FFFFFFFF",
            "offset": "0"
          },
          {
            "color": "#FFBCBCBC",
            "offset": "1"
          }
        ]
      },
      "RadiusGauge24_Path41": {
        "t": "r",
        "cx": "0.5",
        "cy": "0.5",
        "fx": "0.5",
        "fy": "0.5",
        "r":"0.5",
        "stops": [
          {
            "color": "#FFFFFFFF",
            "offset": "0.972000002861023"
          },
          {
            "color": "#FF969696",
            "offset": "1"
          },
          {
            "color": "#FF9A9A9A",
            "offset": "0.949999988079071"
          }
        ]
      },
      "RadiusGauge24_Path42": "#FFDEDEDE",
      "RadiusGauge24_Path43": "#FFD0D0D0",
      "RadiusGauge24_Path45": "#FFCACACA",
      "RadiusGauge24_Path46": {
        "t": "r",
        "cx": "0.5",
        "cy": "0.5",
        "fx": "0.5",
        "fy": "0.5",
        "r":"0.5",
        "stops": [
          {
            "color": "#FFFFFFFF",
            "offset": "0"
          },
          {
            "color": "#FF7E7E7E",
            "offset": "1"
          }
        ]
      },
      "RadiusGauge24_add41": {
        "t": "r",
        "cx": "0.5",
        "cy": "0.5",
        "fx": "0.5",
        "fy": "0.5",
        "r":"0.5",
        "stops": [
          {
            "color": "#FFFFFFFF",
            "offset": "0.967000007629395"
          },
          {
            "color": "#FFBBBBBB",
            "offset": "1"
          },
          {
            "color": "#FFBBBBBB",
            "offset": "0.933000028133392"
          }
        ]
      },
      "RadiusGauge24_add42": "#FFF5F5F5",
      "RadiusGauge24_yellow": {
        "t": "l",
        "x1": "0.998991012573242",
        "y1": "0.5",
        "x2": "-0.0611758008599281",
        "y2": "0.5",
        "stops": [
          {
            "color": "#FFFDDD00",
            "offset": "0"
          },
          {
            "color": "#FFFFFD7B",
            "offset": "1"
          }
        ]
      },
      "RadiusGauge24_green": {
        "t": "l",
        "x1": "0.998991012573242",
        "y1": "0.5",
        "x2": "-0.0611758008599281",
        "y2": "0.5",
        "stops": [
          {
            "color": "#FF8FD62B",
            "offset": "0"
          },
          {
            "color": "#FFC0DD5D",
            "offset": "1"
          }
        ]
      },
      "RadiusGauge24_red": {
        "t": "l",
        "x1": "0.998991012573242",
        "y1": "0.5",
        "x2": "-0.0611758008599281",
        "y2": "0.5",
        "stops": [
          {
            "color": "#FFE46262",
            "offset": "0"
          },
          {
            "color": "#FFF99E80",
            "offset": "1"
          }
        ]
      },
      "RadiusGauge24_Caption": "#FF000000",
      "RadiusGauge24_Number": "#FF000000",
      "RadiusGauge24_Value": "#FF000000"
    },
    "Gauge-RadiusGauge25": {
      "RadiusGauge25_Path52": "#FFF2F2F2",
      "RadiusGauge25_Path51": {
        "t": "l",
        "x1": "0.492000013589859",
        "y1": "0.307000011205673",
        "x2": "0.148000001907349",
        "y2": "1.07700002193451",
        "stops": [
          {
            "color": "#FFEBEBEB",
            "offset": "0"
          },
          {
            "color": "#FFD8D8D8",
            "offset": "1"
          }
        ]
      },
      "RadiusGauge25_Path41": {
        "t": "r",
        "cx": "0.5",
        "cy": "0.5",
        "fx": "0.5",
        "fy": "0.5",
        "r":"0.5",
        "stops": [
          {
            "color": "#FFDCDCDC",
            "offset": "0.138999998569489"
          },
          {
            "color": "#FFC6C0C0",
            "offset": "1"
          },
          {
            "color": "#FF9A9A9A",
            "offset": "0.939000010490417"
          },
          {
            "color": "#FFFFFFFF",
            "offset": "0.972000002861023"
          },
          {
            "color": "#FFD8D8D8",
            "offset": "0.921999990940094"
          }
        ]
      },
      "RadiusGauge25_yellow": {
        "t": "l",
        "x1": "0.998991012573242",
        "y1": "0.5",
        "x2": "-0.0611758008599281",
        "y2": "0.5",
        "stops": [
          {
            "color": "#FFFFCA00",
            "offset": "0"
          },
          {
            "color": "#FFFFFF00",
            "offset": "1"
          }
        ]
      },
      "RadiusGauge25_green": {
        "t": "l",
        "x1": "0.998991012573242",
        "y1": "0.5",
        "x2": "-0.0611758008599281",
        "y2": "0.5",
        "stops": [
          {
            "color": "#FF8FD62B",
            "offset": "0"
          },
          {
            "color": "#FFC0DD5D",
            "offset": "1"
          }
        ]
      },
      "RadiusGauge25_red": {
        "t": "l",
        "x1": "0.998991012573242",
        "y1": "0.5",
        "x2": "-0.0611758008599281",
        "y2": "0.5",
        "stops": [
          {
            "color": "#FFF99E80",
            "offset": "0"
          },
          {
            "color": "#FFE46262",
            "offset": "1"
          }
        ]
      },
      "RadiusGauge25_Caption": "#FF000000",
      "RadiusGauge25_Number": "#FF000000",
      "RadiusGauge25_Value": "#FF000000"
    },
    "Gauge-RadiusGauge26": {
      "RadiusGauge26_green": "#FF72D25B",
      "RadiusGauge26_yellow": "#FFFFE100",
      "RadiusGauge26_red": "#FFFF0000",
      "RadiusGauge26_wbg61": {
        "t": "r",
        "cx": "0.5",
        "cy": "0.5",
        "fx": "0.303000003099442",
        "fy": "0.351999998092651",
        "r":"0.5",
        "stops": [
          {
            "color": "#FFF8F8F8",
            "offset": "0"
          },
          {
            "color": "#FFE0E0E0",
            "offset": "1"
          }
        ]
      },
      "RadiusGauge26_Path_354": {
        "t": "r",
        "cx": "0.5",
        "cy": "0.5",
        "fx": "0.5",
        "fy": "0.5",
        "r":"0.5",
        "stops": [
          {
            "color": "#FFFFFFFF",
            "offset": "0.927999973297119"
          },
          {
            "color": "#FFCFCFCF",
            "offset": "0.949999988079071"
          },
          {
            "color": "#FFCFCFCF",
            "offset": "0.906000018119812"
          }
        ]
      },
      "RadiusGauge26_Path_374": {
        "t": "l",
        "x1": "0.355500996112823",
        "y1": "0.737847983837128",
        "x2": "1.11491000652313",
        "y2": "0.737847983837128",
        "stops": [
          {
            "color": "#FF758295",
            "offset": "0"
          },
          {
            "color": "#FF323C4B",
            "offset": "0.994000017642975"
          }
        ]
      },
      "RadiusGauge26_Caption": "#FF000000",
      "RadiusGauge26_Number": "#FF000000",
      "RadiusGauge26_Value": "#FF000000"
    },
    "Gauge-RadiusGauge27": {
      "RadiusGauge27_green": "#FF72D25B",
      "RadiusGauge27_yellow": "#FFFFE100",
      "RadiusGauge27_red": "#FFFF0000",
      "RadiusGauge27_Path_385": {
        "t": "l",
        "x1": "0.499996989965439",
        "y1": "1.15810000896454",
        "x2": "0.499996989965439",
        "y2": "0.491302013397217",
        "stops": [
          {
            "color": "#FFF0F0F0",
            "offset": "0"
          },
          {
            "color": "#FFE0E0E0",
            "offset": "1"
          }
        ]
      },
      "RadiusGauge27_Path_354": {
        "t": "r",
        "cx": "0.5",
        "cy": "0.5",
        "fx": "0.5",
        "fy": "0.5",
        "r":"0.5",
        "stops": [
          {
            "color": "#FFFFFFFF",
            "offset": "0.927999973297119"
          },
          {
            "color": "#FFCFCFCF",
            "offset": "0.949999988079071"
          },
          {
            "color": "#FFD0D0D0",
            "offset": "0.906000018119812"
          }
        ]
      },
      "RadiusGauge27_Caption": "#FF000000",
      "RadiusGauge27_Number": "#FF000000",
      "RadiusGauge27_Value": "#FF000000"
    },
    "Gauge-RadiusGauge28": {
      "RadiusGauge28_BorderBrush": "#FFA0A0A0",
      "RadiusGauge28_Background": {
        "t": "l",
        "x1": "0",
        "y1": "0",
        "x2": "0",
        "y2": "1",
        "stops": [
          {
            "color": "#FFEEEEEE",
            "offset": "0.43299999833107"
          },
          {
            "color": "#FFFFFFFF",
            "offset": "0.160999998450279"
          },
          {
            "color": "#FFFFFFFF",
            "offset": "0.805999994277954"
          }
        ]
      },
      "RadiusGauge28_BorderBrush2": "#FFD4D4D4",
      "RadiusGauge28_Background2": "#FFD4D4D4",
      "RadiusGauge28_Rectangle1": {
        "t": "l",
        "x1": "0.5",
        "y1": "0",
        "x2": "0.5",
        "y2": "1",
        "stops": [
          {
            "color": "#FFFFFFFF",
            "offset": "0"
          },
          {
            "color": "#FFE0E0E0",
            "offset": "0.5"
          },
          {
            "color": "#FFFFFFFF",
            "offset": "1"
          }
        ]
      },
      "RadiusGauge28_Rectangle4": {
        "t": "l",
        "x1": "0.5",
        "y1": "0",
        "x2": "0.5",
        "y2": "1",
        "stops": [
          {
            "color": "#FFFFFFFF",
            "offset": "0"
          },
          {
            "color": "#00000000",
            "offset": "0.449999988079071"
          },
          {
            "color": "#00000000",
            "offset": "1"
          }
        ]
      },
      "RadiusGauge28_yellow": "#FFFFF400",
      "RadiusGauge28_green": "#FF2ABC00",
      "RadiusGauge28_red": {
        "t": "l",
        "x1": "0.998991012573242",
        "y1": "0.5",
        "x2": "-0.0611758008599281",
        "y2": "0.5",
        "stops": [
          {
            "color": "#FFFF0000",
            "offset": "1"
          }
        ]
      },
      "RadiusGauge28_Caption": "#FF000000",
      "RadiusGauge28_Value": "#FF000000"
    },
    "pageBackground": {
      "backgroundKind": 2,
      "backgroundColor": "#ffffff"
    },
    "Map": {
      "MapNote_red": "#FFFF0000",
      "MapNote_yellow": "#FFFF9600",
      "MapNote_green": "#FF27CB07"
    },
    "comboBox": {
      "dev-combobox-input_background": "rgba(143,180,212,1)",
      "dev-combobox-text_background": "rgba(143,180,212,1)",
      "dev-combobox-input_color": "rgba(0,0,0,1)",
      "dev-combobox-element_color": "rgba(0,0,0,1)"
    },
    "dataGrid": {
      "dev-datagrid-oddrow_color": "rgba(34,34,34,1)",
      "dev-datagrid-evenrow_color": "rgba(34,34,34,1)",
      "dev-datagrid-oddrow_background": "rgba(236,243,251,1)",
      "dev-datagrid-evenrow_background": "rgba(249,249,249,1)",
      "dev-datagrid-element_background": "#1e5799;\nbackground: -moz-linear-gradient(0deg,rgba(255,255,255,1) 0.00%,rgba(255,255,255,1) 34.20%,rgba(255,255,255,1) 100.00%);\nbackground: -webkit-gradient(linear, 50.00% 0.00%, 50.00% 100.00%,color-stop(1,rgba(255,255,255,1) ),color-stop(0,rgba(255,255,255,1) ),color-stop(0.342000007629395,rgba(255,255,255,1) ));\nbackground: -webkit-linear-gradient(180deg,rgba(255,255,255,1) 0.00%,rgba(255,255,255,1) 34.20%,rgba(255,255,255,1) 100.00%);\nbackground: -o-linear-gradient(180deg,rgba(255,255,255,1) 0.00%,rgba(255,255,255,1) 34.20%,rgba(255,255,255,1) 100.00%);\nbackground: -ms-linear-gradient(180deg,rgba(255,255,255,1) 0.00%,rgba(255,255,255,1) 34.20%,rgba(255,255,255,1) 100.00%);\nbackground: linear-gradient(180deg,rgba(255,255,255,1) 0.00%,rgba(255,255,255,1) 34.20%,rgba(255,255,255,1) 100.00%);",
      "dev-datagrid-headercell_color": "rgba(255,255,255,1)",
      "dev-datagrid-headercell_background": "rgba(123,156,194,1)",
      "dev-datagrid-headercell_border-color": "rgba(255,255,255,1)",
      "dev-datagrid-selected_background": "rgba(168,216,221,0.4)"
    },
    "groupBox": {
      "dev-groupbox-legendtext_color": "rgba(0,0,0,1)",
      "dev-groupbox-element_border-color": "rgba(198,198,198,1)",
      "dev-groupbox-legend_border-color": "rgba(0,0,0,0)",
      "dev-groupbox-legend_background": "rgba(0,0,0,0)",
      "dev-groupbox-element_background": "#1e5799;\nbackground: -moz-linear-gradient(-180deg,rgba(222,222,222,1) 0.00%,rgba(255,255,255,1) 100.00%);\nbackground: -webkit-gradient(linear, 100.00% 100.00%, 100.00% 0.00%,color-stop(0,rgba(222,222,222,1) ),color-stop(1,rgba(255,255,255,1) ));\nbackground: -webkit-linear-gradient(0deg,rgba(222,222,222,1) 0.00%,rgba(255,255,255,1) 100.00%);\nbackground: -o-linear-gradient(0deg,rgba(222,222,222,1) 0.00%,rgba(255,255,255,1) 100.00%);\nbackground: -ms-linear-gradient(0deg,rgba(222,222,222,1) 0.00%,rgba(255,255,255,1) 100.00%);\nbackground: linear-gradient(0deg,rgba(222,222,222,1) 0.00%,rgba(255,255,255,1) 100.00%);"
    },
    "hyperLinkButton": {
      "dev-hyperLinkButton-background_background": "rgba(255,255,255,0)",
      "dev-hyperLinkButton-fontColor_color": "rgba(115,169,216,1)"
    },
    "label": {
      "dev-label-element_background": "rgba(255,255,255,0)",
      "dev-label-text_color": "rgba(0,0,0,1)"
    },
    "tabControl": {
      "dev-tabs-content_background": "rgba(255,255,255,1)"
    },
    "textBox": {
      "dev-textbox-input_background": "rgba(255,255,255,1)",
      "dev-textbox-text_background": "rgba(255,255,255,1)",
      "dev-textbox-text_border-color": "rgba(0,0,0,1)",
      "dev-textbox-input_border-color": "rgba(0,0,0,1)",
      "dev-textbox-element_color": "rgba(0,0,0,1)",
      "dev-textbox-input_color": "rgba(0,0,0,1)"
    },
    "slider": {
      "dev-slider-element_color": "rgba(0,0,0,1)"
    }
  },
  "caption": "Metallic",
  "_id": "p53a4c43-64ab-48cb-a29e-c41bc0dd861b",
  "_ind_": "4"
}